year,semi_draw_position,final_draw_position,country,artist_name,song_name,language,style,direct_qualifier_10,gender,main_singers,age,selection,key,BPM,energy,danceability,happiness,loudness,acousticness,instrumentalness,liveness,speechiness,release_date,key_change_10,backing_dancers,backing_singers,backing_instruments,instrument_10,qualified,final_televote_points,final_jury_points,final_televote_votes,final_jury_votes,final_place,final_total_points,semi_place,semi_televote_points,semi_jury_points,semi_total_points,favourite_10,race,host_10
2022,1,-,Albania,Ronela Hajati,Sekret,"Albanian, English",Pop,-,Female,1,unknown,unknown,F Minor,100,70,76,45,-6 dB,5,0,52,5,unknown,unknown,5,0,0,0,0,,,,,,,12,46,12,58,0,white,0
2022,2,-,Latvia,Citi Zeni,Eat Your Salad,English,Pop,-,Male,1,unknown,unknown,B Minor,115,69,75,59,-8 dB,1,0,34,17,unknown,unknown,0,0,4,0,0,,,,,,,14,16,39,55,0,white,0
2022,3,14,Lithuania,Monika Liu,Sentimentai,Lithuanian,Ballad,0,Female,1,unknown,unknown,C Major,93,56,68,50,-8 dB,9,0,31,3,unknown,unknown,0,0,0,0,1,93,35,21,10,14,128,7,103,56,159,0,white,0
2022,4,5,Switzerland,Marius Bear,Boys Do Cry,English,Ballad,0,Male,1,unknown,unknown,F Major,116,18,42,39,-11 dB,87,0,11,4,unknown,unknown,0,0,0,0,1,0,78,0,21,17,78,9,11,107,118,0,white,0
2022,5,-,Slovenia,LPS,Disko,Slovene,Pop,-,Male,1,unknown,unknown,E Minor,120,61,68,60,-6 dB,0,0,5,3,unknown,unknown,0,0,4,0,0,,,,,,,17,8,7,15,0,white,0
2022,6,12,Ukraine,Kalush Orchestra,Stefania,Ukrainian,Traditional,0,Male,1,unknown,unknown,D Major,105,82,83,32,-5 dB,14,0,12,4,unknown,unknown,1,2,2,0,1,439,192,39,26,1,631,1,202,135,337,1,white,0
2022,7,-,Bulgaria,Intelligent Music Project,Intention,English,Rock,-,Male,1,unknown,unknown,D Major,80,84,52,72,-8 dB,3,2,24,3,unknown,unknown,0,0,5,0,0,,,,,,,16,18,11,29,0,white,0
2022,8,11,Netherlands,S10,De diepte,Dutch,Ballad,0,Female,1,unknown,unknown,D Minor,87,48,32,15,-6 dB,39,0,14,3,unknown,unknown,0,0,0,0,1,42,129,12,25,11,171,2,79,142,221,0,white,0
2022,9,19,Moldova,Zdob si Zdub and Advahov Brothers,Trenuletul,"Romanian, English",Traditional,0,Male,1,unknown,unknown,C Major,142,88,70,96,-3 dB,41,0,32,14,unknown,unknown,0,0,5,0,1,239,14,35,4,7,253,8,135,19,154,0,white,0
2022,10,3,Portugal,Maro,"Saudade, saudade","English, Portuguese",Ballad,0,Female,6,unknown,unknown,Bb Minor,83,34,64,38,-11 dB,68,0,11,4,unknown,unknown,0,0,0,0,1,36,171,9,29,9,207,4,87,121,208,0,white,0
2022,11,-,Croatia,Mia Dimsic,Guilty Pleasure,"English, Croatian",Ballad,-,Female,1,unknown,unknown,F Major,84,59,53,51,-7 dB,12,0,14,6,unknown,unknown,3,0,0,1,0,,,,,,,11,33,42,75,0,white,0
2022,12,-,Denmark,Reddi,The Show,English,Rock,-,Female,1,unknown,unknown,C Major,90,80,31,21,-5 dB,2,0,37,6,unknown,unknown,0,0,3,1,0,,,,,,,13,20,35,55,0,white,0
2022,13,-,Austria,Lumix feat. Pia Maria,Halo,English,Dance,-,Female,1,unknown,unknown,Ab Major,150,91,57,69,-5 dB,0,0,53,4,unknown,unknown,0,0,0,1,0,,,,,,,15,36,6,42,0,white,0
2022,14,18,Iceland,Systur,Meo aekkandi sol,Icelandic,Traditional,0,Female,3,unknown,unknown,D Minor,100,52,58,35,-12 dB,58,4,7,3,unknown,unknown,0,0,1,1,1,10,10,2,4,23,20,10,39,64,103,0,white,0
2022,15,17,Greece,Amanda Georgiadi Tenfjord,Die Together,English,Ballad,0,Female,1,unknown,unknown,F Major,150,37,48,20,-8 dB,12,0,13,7,unknown,unknown,0,0,0,0,1,57,158,9,26,8,215,3,60,151,211,0,white,0
2022,16,7,Norway,Subwoolfer,Give That Wolf a Banana,English,Pop,0,Male,2,unknown,unknown,G Minor,124,53,74,55,-10 dB,20,0,9,4,unknown,unknown,4,0,0,0,1,146,36,32,10,10,182,6,104,73,177,0,unknown,0
2022,17,8,Armenia,Rosa Linn,Snap,English,Ballad,0,Female,1,unknown,unknown,C Major,170,64,56,53,-8 dB,11,0,45,6,unknown,unknown,0,0,0,1,1,21,40,4,10,20,61,5,105,82,187,0,white,0
2022,1,4,Finland,The Rasmus,Jezebel,English,Rock,0,Male,1,unknown,unknown,B Minor,116,87,50,49,-4 dB,0,0,8,4,unknown,unknown,0,0,3,0,1,26,12,8,3,21,38,7,99,63,162,0,white,0
2022,2,-,Israel,Michael Ben David,I.M,English,Pop,-,Male,1,unknown,unknown,Ab Minor,120,82,70,45,-7 dB,1,0,13,6,unknown,unknown,4,0,0,0,0,,,,,,,13,27,34,61,0,white,0
2022,3,24,Serbia,Konstrakta,In corpore sano,"Serbian, Latin",Traditional,0,Female,1,unknown,unknown,C Major,136,71,92,63,-7 dB,1,0,17,8,unknown,unknown,5,0,0,0,1,225,87,34,15,5,312,3,174,63,237,0,white,0
2022,4,15,Azerbaijan,Nadir Rustamli,Fade to Black,English,Ballad,0,Male,1,unknown,unknown,A Minor,79,30,34,30,-10 dB,19,0,14,6,unknown,unknown,1,0,0,0,1,3,103,1,19,16,106,10,0,96,96,0,middle eastern,0
2022,5,-,Georgia,Circus Mircus,Lock Me In,English,Rock,-,Male,1,unknown,unknown,D Major,107,76,79,84,-9 dB,0,0,30,4,unknown,unknown,0,0,3,1,0,,,,,,,18,9,13,22,0,unknown,0
2022,6,-,Malta,Emma Muscat,I Am What I Am,English,Pop,-,Female,1,unknown,unknown,G Major,98,71,56,38,-5 dB,4,0,9,3,unknown,unknown,4,0,0,1,0,,,,,,,16,20,27,47,0,white,0
2022,7,-,San Marino,Achille Lauro,Stripper,"Italian, English",Rock,-,Male,1,unknown,unknown,A Major,140,80,60,55,-6 dB,0,0,8,10,unknown,unknown,0,0,5,0,0,,,,,,,14,29,21,50,0,white,0
2022,8,21,Australia,Sheldon Riley,Not the Same,English,Ballad,0,Male,1,unknown,unknown,Bb Minor,128,43,36,38,-10 dB,66,0,14,4,unknown,unknown,0,0,0,0,1,2,123,1,23,15,125,2,74,169,243,0,white,0
2022,9,-,Cyprus,Andromache,Ela,"English, Greek",Pop,-,Female,1,unknown,unknown,Eb Minor,98,63,66,65,-7 dB,24,0,6,9,unknown,unknown,2,0,0,0,0,,,,,,,12,54,9,63,0,white,0
2022,10,-,Ireland,Brooke,That's Rich,English,Pop,-,Female,1,unknown,unknown,A Major,122,60,68,56,-4 dB,0,0,34,3,unknown,unknown,4,0,0,0,0,,,,,,,15,35,12,47,0,white,0
2022,11,-,North Macedonia,Andrea,Circles,English,Ballad,-,Female,1,unknown,unknown,Cs Minor,144,71,54,22,-5 dB,48,0,17,3,unknown,unknown,0,0,0,0,0,,,,,,,11,20,56,76,0,white,0
2022,12,25,Estonia,Stefan,Hope,English,Pop,0,Male,1,unknown,unknown,Bb Minor,123,78,52,55,-5 dB,19,0,10,4,unknown,unknown,0,0,0,1,1,98,43,19,8,13,141,5,96,113,209,0,white,0
2022,13,2,Romania,WRS,Llamame,"English, Spanish",Pop,0,Male,1,unknown,unknown,F Minor,120,76,76,66,-6 dB,6,0,15,13,unknown,unknown,4,0,0,0,1,53,12,12,3,18,65,9,100,18,118,0,white,0
2022,14,23,Poland,Ochman,River,English,Ballad,0,Male,1,unknown,unknown,Ab Major,140,67,51,33,-5 dB,56,0,12,4,unknown,unknown,4,0,0,0,1,105,46,22,9,12,151,6,114,84,198,0,white,0
2022,15,-,Montenegro,Vladana,Breathe,"English, Italian",Ballad,-,Female,1,unknown,unknown,G Minor,77,46,43,20,-7 dB,55,0,10,3,unknown,unknown,0,0,0,0,0,,,,,,,17,22,11,33,0,white,0
2022,16,16,Belgium,Jeremie Makiese,Miss You,English,Pop,0,Male,1,unknown,unknown,Fs Minor,144,53,63,28,-6 dB,24,0,13,5,unknown,unknown,4,0,0,0,1,5,59,2,13,19,64,8,46,105,151,0,black,0
2022,17,20,Sweden,Cornelia Jakobs,Hold Me Closer,English,Ballad,0,Female,1,unknown,unknown,Fs Major,97,62,49,17,-8 dB,11,0,14,4,unknown,unknown,0,0,0,0,1,180,258,33,33,4,438,1,174,222,396,0,unknown,0
2022,18,1,Czech Republic,We Are Domi,Lights Off,English,Dance,0,Female,1,unknown,unknown,A Minor,126,79,59,52,-6 dB,15,0,21,11,unknown,unknown,0,0,2,0,1,5,33,1,11,22,38,4,125,102,227,0,white,0
2022,-,9,Italy,Mahmood and Blanco,Brividi,Italian,Ballad,1,Male,2,unknown,unknown,G Major,123,61,52,34,-4 dB,45,0,25,3,unknown,unknown,0,0,1,0,-,110,158,23,26,6,268,,,,,0,white,1
2022,-,10,Spain,Chanel,SloMo,"Spanish, English",Pop,1,Female,1,unknown,unknown,Cs Minor,105,81,73,59,-3 dB,13,0,9,6,unknown,unknown,5,0,0,0,-,228,231,38,34,3,459,,,,,0,white,0
2022,-,13,Germany,Malik Harris,Rockstars,English,Ballad,1,Male,1,unknown,unknown,G Major,81,64,65,52,-6 dB,45,0,38,23,unknown,unknown,0,0,0,1,-,6,0,3,0,25,6,,,,,0,white,0
2022,-,22,United Kingdom,Sam Ryder,Space Man,English,Pop,1,Male,1,unknown,unknown,B Major,80,83,47,33,-2 dB,18,0,10,5,unknown,unknown,0,0,2,1,-,183,283,34,35,2,466,,,,,0,white,0
2022,-,6,France,Alvan and Ahez,Fulenn,Breton,Traditional,1,Mix,4,unknown,unknown,Fs Major,120,84,74,48,-7 dB,1,0,24,12,unknown,unknown,1,0,0,1,-,8,9,6,3,24,17,,,,,0,white,0
2021,1,18,Lithuania,The Roop,Discoteque,English,Dance,0,Male,1,unknown,unknown,F Major,115,80,83,63,-6 dB,5,0,13,6,unknown,unknown,2,2,2,0,1,165,55,27,12,8,220,4,137,66,203,0,white,0
2021,2,-,Slovenia,Ana Soklic,Amen,English,Ballad,-,Female,1,unknown,unknown,Ab Minor,81,40,45,21,-10 dB,48,0,15,5,unknown,unknown,0,0,0,0,0,,,,,,,13,8,36,44,0,white,0
2021,3,5,Russia,Manizha,Russian Woman,"Russian, English",Traditional,0,Female,1,unknown,unknown,E Minor,102,70,89,65,-7 dB,20,0,7,19,unknown,unknown,0,4,0,0,1,100,104,22,21,9,204,3,108,117,225,0,white,0
2021,4,25,Sweden,Tusse,Voices,English,Pop,0,Male,1,unknown,unknown,Bb Minor,90,76,50,40,-5 dB,0,0,13,4,unknown,unknown,4,0,0,0,1,63,46,18,10,14,109,7,51,91,142,0,black,0
2021,5,-,Australia,Montaigne,Technicolour,English,Pop,-,Female,1,unknown,unknown,A Minor,119,57,67,27,-6 dB,7,0,27,3,unknown,unknown,3,0,0,0,0,,,,,,,14,2,26,28,0,white,0
2021,6,-,North Macedonia,Vasil,Here I Stand,English,Ballad,-,Male,1,unknown,unknown,G Major,138,20,32,13,-11 dB,51,0,32,4,unknown,unknown,0,0,0,0,0,,,,,,,15,11,12,23,0,white,0
2021,7,-,Ireland,Lesley Roy,Maps,English,Pop,-,Female,1,unknown,unknown,G Major,143,83,54,55,-7 dB,2,0,36,4,unknown,unknown,0,0,0,0,0,,,,,,,16,4,16,20,0,white,0
2021,8,1,Cyprus,Elena Tsagrinou,El Diablo,English,Pop,0,Female,1,unknown,unknown,A Minor,114,66,66,62,-8 dB,0,0,84,13,unknown,unknown,4,0,0,0,1,44,50,7,11,16,94,6,78,92,170,0,white,0
2021,9,22,Norway,Tix,Fallen Angel,English,Pop,0,Male,1,unknown,unknown,Cs Major,93,65,54,28,-5 dB,7,0,11,3,unknown,unknown,4,0,0,0,1,60,15,16,5,18,75,10,77,38,115,0,white,0
2021,10,-,Croatia,Albina,Tick-Tock,"English, Croatian",Pop,-,Female,1,unknown,unknown,E Minor,126,76,77,76,-5 dB,5,0,34,4,unknown,unknown,4,0,0,0,0,,,,,,,11,53,57,110,0,white,0
2021,11,4,Belgium,Hooverphonic,The Wrong Place,English,Ballad,0,Female,1,unknown,unknown,F Major,80,73,49,25,-4 dB,5,0,16,4,unknown,unknown,0,1,3,0,1,3,71,2,17,19,74,9,47,70,117,0,white,0
2021,12,3,Israel,Eden Alene,Set Me Free,English,Pop,0,Female,1,unknown,unknown,Cs Minor,107,66,75,47,-7 dB,28,0,10,8,unknown,unknown,4,0,0,0,1,20,73,4,17,17,93,5,93,99,192,0,black,0
2021,13,-,Romania,Roxen,Amnesia,English,Ballad,-,Female,1,unknown,unknown,Bb Minor,120,69,58,25,-6 dB,13,0,16,14,unknown,unknown,5,0,0,0,0,,,,,,,12,27,58,85,0,white,0
2021,14,21,Azerbaijan,Efendi,Mata Hari,English,Pop,0,Female,1,unknown,unknown,E Minor,100,68,71,46,-6 dB,1,0,26,4,unknown,unknown,4,0,0,0,1,33,32,12,9,20,65,8,91,47,138,0,middle eastern,0
2021,15,19,Ukraine,Go_A,Shum,Ukrainian,Traditional,0,Female,1,unknown,unknown,E Major,118,74,53,50,-5 dB,5,0,11,6,unknown,unknown,2,0,3,0,1,267,97,38,19,5,364,2,164,103,267,0,white,0
2021,16,6,Malta,Destiny,Je me casse,English,Pop,0,Female,1,unknown,unknown,Ab Minor,112,87,76,78,-4 dB,15,0,28,11,unknown,unknown,4,0,0,0,1,47,208,15,35,7,255,1,151,174,325,1,mixed,0
2021,1,-,San Marino,Senhit,Adrenalina,English,Dance,-,Mix,2,unknown,unknown,Bb Minor,104,89,67,53,-6 dB,0,0,39,8,unknown,unknown,4,0,0,0,1,13,37,3,7,,,9,42,76,118,0,black,0
2021,2,-,Estonia,Uku Suviste,The Lucky One,English,Ballad,-,Male,1,unknown,unknown,Ab Minor,176,64,40,41,-9 dB,4,0,9,7,unknown,unknown,0,0,0,0,0,,,,,,,13,29,29,58,0,white,0
2021,3,-,Czech Republic,Benny Cristo,Omaga,English,Ballad,-,Male,1,unknown,unknown,Fs Major,122,87,72,89,-6 dB,11,0,34,3,unknown,unknown,4,0,0,0,0,,,,,,,15,0,23,23,0,white,0
2021,4,10,Greece,Stefania,Last Dance,English,Pop,0,Female,1,unknown,unknown,D Minor,147,91,53,39,-5 dB,2,0,7,4,unknown,unknown,4,0,0,0,1,79,91,11,15,10,170,6,80,104,184,0,white,0
2021,5,-,Austria,Vincent Bueno,Amen,English,Ballad,-,Male,1,unknown,unknown,Cs Major,80,38,44,8,-10 dB,1,0,8,4,unknown,unknown,0,0,0,0,0,,,,,,,12,13,53,66,0,asian,0
2021,6,-,Poland,Rafal,The Ride,English,Pop,-,Male,1,unknown,unknown,B Minor,132,77,69,93,-7 dB,40,0,25,3,unknown,unknown,4,0,0,0,0,,,,,,,14,17,18,35,0,white,0
2021,7,14,Moldova,Natalia Gordienko,Sugar,English,Pop,0,Female,1,unknown,unknown,B Minor,120,76,69,51,-7 dB,0,1,13,5,unknown,unknown,4,0,0,0,1,62,53,11,6,13,115,7,123,56,179,0,white,0
2021,8,-,Iceland,Dadi og Gagnamagnio,10 Years,English,Pop,-,Male,1,unknown,unknown,D Minor,123,62,80,44,-7 dB,1,0,9,4,unknown,unknown,0,2,3,0,1,180,198,29,28,,,2,148,140,288,0,white,0
2021,9,8,Serbia,Hurricane,Loco Loco,Serbian,Pop,0,Female,3,unknown,unknown,C Major,105,92,65,60,-4 dB,17,0,16,12,unknown,unknown,0,0,0,0,1,82,20,12,3,15,102,8,68,56,124,0,white,0
2021,10,-,Georgia,Tornike Kipiani,You,English,Ballad,-,Male,1,unknown,unknown,C Major,134,37,50,12,-8 dB,24,4,19,2,unknown,unknown,0,0,0,0,0,,,,,,,16,15,1,16,0,white,0
2021,11,2,Albania,Anxhela Peristeri,Karma,Albanian,Ballad,0,Female,1,unknown,unknown,G Minor,150,63,52,19,-10 dB,0,0,13,4,unknown,unknown,0,0,0,0,1,35,22,5,4,21,57,10,38,74,112,0,white,0
2021,12,7,Portugal,The Black Mamba,Love Is on My Side,English,Traditional,0,Male,1,unknown,unknown,E Major,66,42,28,24,-7 dB,34,0,20,3,unknown,unknown,0,0,4,0,1,27,126,6,22,12,153,4,111,128,239,0,white,0
2021,13,17,Bulgaria,Victoria,Growing Up Is Getting Old,English,Ballad,0,Female,1,unknown,unknown,G Major,93,18,52,25,-8 dB,69,0,9,3,unknown,unknown,0,0,0,0,1,30,140,5,26,11,170,3,101,149,250,0,white,0
2021,14,16,Finland,Blind Channel,Dark Side,English,Rock,0,Male,2,unknown,unknown,G Major,98,96,57,44,-4 dB,0,0,27,11,unknown,unknown,0,1,3,0,1,218,83,37,19,6,301,5,150,84,234,0,white,0
2021,15,-,Latvia,Samanta Tina,The Moon Is Rising,English,Ballad,-,Female,1,unknown,unknown,Bb Minor,150,63,66,33,-8 dB,4,0,14,14,unknown,unknown,3,0,0,0,0,,,,,,,17,10,4,14,0,white,0
2021,16,11,Switzerland,Gjon's Tears,Tout l'univers,French,Ballad,0,Male,1,unknown,unknown,A Minor,123,37,52,19,-9 dB,83,0,15,3,unknown,unknown,0,0,0,0,1,165,267,34,34,3,432,1,135,156,291,0,white,0
2021,17,-,Denmark,Fyr og Flamme,Ove os pa hinanden,Danish,Pop,-,Male,2,unknown,unknown,C Major,124,87,68,96,-6 dB,1,0,34,3,unknown,unknown,0,3,0,1,0,,,,,,,11,80,9,89,0,white,0
2021,-,23,Netherlands,Jeangu Macrooy,Birth of a New Age,"English, Sranan Tongo",Ballad,1,Male,1,unknown,unknown,C Minor,95,72,72,54,-5 dB,48,0,23,6,unknown,unknown,1,2,0,0,-,0,11,0,5,11,23,,,,,0,black,1
2021,-,13,Spain,Blas Canto,Voy a quedarme,Spanish,Ballad,1,Male,1,unknown,unknown,Eb Major,76,72,52,36,-5 dB,21,0,8,5,unknown,unknown,0,0,0,0,-,0,6,0,2,24,6,,,,,0,white,0
2021,-,9,United Kingdom,James Newman,Embers,English,Pop,1,Male,1,unknown,unknown,Fs Major,126,82,68,72,-5 dB,0,0,11,6,unknown,unknown,0,0,4,0,-,0,0,0,0,26,0,,,,,0,white,0
2021,-,15,Germany,Jendrik,I Don't Feel Hate,English,Pop,1,Male,1,unknown,unknown,F Minor,114,84,83,75,-5 dB,19,0,3,21,unknown,unknown,1,0,3,0,-,0,3,0,2,25,3,,,,,0,white,0
2021,-,20,France,Barbara Pravi,Voila,French,Ballad,1,Female,1,unknown,unknown,D Minor,135,34,45,60,-9 dB,77,0,30,6,unknown,unknown,0,0,0,0,-,251,248,38,33,2,499,,,,,0,white,0
2021,-,24,Italy,Maneskin,Zitti e buoni,Italian,Rock,1,Male,1,unknown,unknown,E Minor,94,63,64,0,,0,42,7,-3 dB,unknown,unknown,0,0,3,0,-,318,206,38,28,1,524,,,,,0,white,0
2019,1,11,Cyprus,Tamta,Replay,English,Dance,0,Female,1,unknown,unknown,B Minor,102,68,71,50,5 dB,5,0,6,7,unknown,unknown,4,0,0,0,1,32,77,4,15,13,109,9,54,95,149,0,white,0
2019,2,-,Montenegro,D mol,Heaven,English,Pop,-,Mix,6,unknown,unknown,D Major,92,73,53,47,8 dB,21,0,31,5,unknown,unknown,0,0,0,0,0,,,,,,,16,15,31,46,0,white,0
2019,3,-,Finland,Darude feat. Sebastian Rejman,Look Away,English,Dance,-,Male,1,unknown,unknown,B Minor,126,89,50,48,4 dB,1,0,15,5,unknown,unknown,1,0,1,0,0,,,,,,,17,14,9,23,0,white,0
2019,4,-,Poland,Tulia,Fire of Love,"Polish, English",Traditional,-,Female,4,unknown,unknown,A Major,96,78,59,78,4 dB,2,21,64,3,unknown,unknown,0,0,0,0,0,,,,,,,11,60,60,120,0,white,0
2019,5,10,Slovenia,Zala Kralj & Gasper santl,Sebi,Slovene,Ballad,0,Mix,2,unknown,unknown,G Minor,108,65,78,74,7 dB,18,2,16,4,unknown,unknown,0,0,0,1,1,59,46,13,9,15,105,6,93,74,167,0,white,0
2019,6,3,Czech Republic,Lake Malawi,Friend of a Friend,English,Pop,0,Male,1,unknown,unknown,A Minor,106,74,70,41,5 dB,27,0,7,6,unknown,unknown,0,0,2,0,1,7,150,4,26,11,157,2,85,157,242,0,white,0
2019,7,-,Hungary,Joci Papai,Az en apam,Hungarian,Ballad,-,Male,1,unknown,unknown,Eb Minor,96,45,63,33,8 dB,55,0,10,4,unknown,unknown,0,0,0,0,0,,,,,,,12,32,65,97,0,romani ,0
2019,8,19,Belarus,ZENA,Like It,English,Dance,0,Female,1,unknown,unknown,G Minor,105,80,71,35,8 dB,29,0,20,5,unknown,unknown,2,2,0,0,1,13,18,2,5,24,31,10,44,78,122,0,white,0
2019,9,23,Serbia,Nevena Bozovic,Kruna,Serbian,Ballad,0,Female,1,unknown,unknown,Ab Minor,158,48,20,16,-6 dB,21,0,13,3,unknown,unknown,0,0,0,0,1,54,35,7,8,18,89,7,65,91,156,0,white,0
2019,10,-,Belgium,Eliot,Wake Up,English,Ballad,-,Male,1,unknown,unknown,G Minor,145,20,37,23,-12 dB,89,0,9,4,unknown,unknown,0,0,2,0,0,,,,,,,13,20,50,70,0,white,0
2019,11,-,Georgia,Oto Nemsadze,Keep on Going,Georgian,Traditional,-,Male,1,unknown,unknown,B Minor,120,70,32,30,-5 dB,49,0,26,4,unknown,unknown,0,5,0,0,0,,,,,,,14,33,29,62,0,white,0
2019,12,25,Australia,Kate Miller-Heidke,Zero Gravity,English,Opera,0,Female,1,unknown,unknown,Fs Major,132,54,46,26,-2 dB,57,0,41,4,unknown,unknown,2,0,0,0,1,131,153,30,24,9,284,1,140,121,261,0,white,0
2019,13,17,Iceland,Hatari,Hatrio mun sigra,Icelandic,Dance,0,Mix,2,unknown,unknown,E Minor,110,67,57,48,-10 dB,0,0,9,8,unknown,unknown,4,0,0,0,1,186,46,34,9,10,232,3,151,70,221,0,white,0
2019,14,18,Estonia,Victor Crone,Storm,English,Pop,0,Male,1,unknown,unknown,D Major,128,59,62,29,-5 dB,5,0,8,3,unknown,unknown,0,0,0,1,1,48,28,10,7,20,76,4,133,65,198,0,white,0
2019,15,-,Portugal,Conan Osiris,TelemOveis,Portuguese,Traditional,-,Male,1,unknown,unknown,G Major,123,37,71,24,-12 dB,62,3,8,5,unknown,unknown,1,0,0,0,0,,,,,,,15,43,8,51,0,white,0
2019,16,13,Greece,Katerine Duska,Better Love,English,Pop,0,Female,1,unknown,unknown,Ab Major,88,69,37,35,5 dB,1,0,9,6,unknown,unknown,2,3,0,0,1,24,50,3,8,21,74,5,54,131,185,0,white,0
2019,17,7,San Marino,Serhat,Say Na Na Na,English,Dance,0,Male,1,unknown,unknown,Db Minor,118,92,68,74,5 dB,0,0,36,8,unknown,unknown,0,5,0,0,1,65,12,11,3,19,77,8,124,26,150,0,white,0
2019,1,-,Armenia,Srbuk,Walking Out,English,Pop,-,Female,1,unknown,unknown,Db Major,130,57,43,17,8 dB,0,23,10,4,unknown,unknown,0,0,0,0,0,,,,,,,16,23,26,49,0,white,0
2019,2,-,Ireland,Sarah McTernan,22,English,Pop,-,Female,1,unknown,unknown,C Major,125,45,71,67,9 dB,12,0,65,5,unknown,unknown,2,0,0,0,0,,,,,,,18,3,13,16,0,white,0
2019,3,-,Moldova,Anna Odobescu,Stay,English,Ballad,-,Female,1,unknown,unknown,C Minor,156,62,42,24,5 dB,29,0,20,3,unknown,unknown,1,0,0,0,0,,,,,,,12,27,58,85,0,white,0
2019,4,24,Switzerland,Luca Hanni,She Got Me,English,Dance,0,Male,1,unknown,unknown,B Minor,97,75,66,48,6 dB,6,0,8,5,unknown,unknown,4,0,0,0,1,212,152,38,28,4,364,4,137,95,232,0,white,0
2019,5,-,Latvia,Carousel,That Night,English,Pop,-,Female,1,unknown,unknown,G Minor,93,46,74,67,15 dB,26,80,10,5,unknown,unknown,0,0,3,0,0,,,,,,,15,13,37,50,0,white,0
2019,6,-,Romania,Ester Peony,On a Sunday,English,Pop,-,Female,1,unknown,unknown,C Minor,72,49,35,33,6 dB,13,0,11,6,unknown,unknown,2,2,1,0,0,,,,,,,13,24,47,71,0,white,0
2019,7,6,Denmark,Leonora,Love Is Forever,"English, French",Pop,0,Female,1,unknown,unknown,Db Major,136,42,73,79,5 dB,58,0,7,3,unknown,unknown,2,2,0,0,1,51,69,13,16,12,120,10,41,53,94,0,white,0
2019,8,9,Sweden,John Lundvik,Too Late for Love,English,Ballad,0,Male,1,unknown,unknown,C Major,104,75,40,42,4 dB,20,0,7,7,unknown,unknown,0,4,0,0,1,93,241,17,32,5,334,3,88,150,238,0,black,0
2019,9,-,Austria,PAENDA,Limits,English,Ballad,-,Female,1,unknown,unknown,C Major,131,36,46,18,12 dB,81,0,11,6,unknown,unknown,0,0,0,0,0,,,,,,,17,0,21,21,0,white,0
2019,10,-,Croatia,Roko,The Dream,"English, Croatian",Ballad,-,Male,1,unknown,unknown,F Minor,114,60,61,24,10 dB,49,61,34,3,unknown,unknown,2,0,0,0,0,,,,,,,14,38,26,64,0,white,0
2019,11,1,Malta,Michela,Chameleon,English,Pop,0,Female,1,unknown,unknown,Bb Minor,98,70,71,85,4 dB,28,0,17,7,unknown,unknown,4,0,0,0,1,20,87,4,19,14,107,8,50,107,157,0,white,0
2019,12,-,Lithuania,Jurij Veklenko,Run with the Lions,English,Pop,-,Male,1,unknown,unknown,C Major,158,64,60,41,7 dB,1,39,8,5,unknown,unknown,0,0,0,0,0,,,,,,,11,77,16,93,0,white,0
2019,13,5,Russia,Sergey Lazarev,Scream,English,Ballad,0,Male,1,unknown,unknown,Bb Major,92,52,33,26,7 dB,9,0,8,4,unknown,unknown,0,0,0,0,1,244,126,30,24,3,370,6,124,93,217,0,white,0
2019,14,2,Albania,Jonida Maliqi,Ktheju tokes,Albanian,Traditional,0,Female,1,unknown,unknown,Db Major,117,70,57,58,6 dB,2,0,21,5,unknown,unknown,0,3,0,0,1,47,43,6,10,17,90,9,58,38,96,0,white,0
2019,15,15,Norway,KEiiNO,Spirit in the Sky,English,Dance,0,Mix,3,unknown,unknown,A Minor,122,75,61,36,6 dB,14,0,11,6,unknown,unknown,0,0,0,0,1,291,40,37,9,6,331,7,170,40,210,0,white,0
2019,16,12,Netherlands,Duncan Laurence,Arcade,English,Ballad,0,Male,1,unknown,unknown,A Minor,72,33,45,27,13 dB,82,0,14,4,unknown,unknown,0,0,0,1,1,261,237,40,32,1,498,1,140,140,280,1,white,0
2019,17,8,North Macedonia,Tamara Todevska,Proud,English,Ballad,0,Female,1,unknown,unknown,C Minor,92,42,36,28,6 dB,82,0,14,3,unknown,unknown,0,0,0,0,1,58,247,11,32,7,305,2,84,155,239,0,white,0
2019,18,20,Azerbaijan,Chingiz,Truth,English,Pop,0,Male,1,unknown,unknown,Ab Minor,101,62,63,73,7 dB,5,0,10,4,unknown,unknown,0,0,0,0,1,100,202,26,33,8,302,5,121,103,224,0,middle eastern,0
2019,-,4,Germany,S!sters,Sister,English,Ballad,1,Female,2,unknown,unknown,C Major,142,45,56,22,9 dB,39,0,7,4,unknown,unknown,0,0,0,0,-,0,24,0,5,25,24,,,,,0,white,0
2019,-,14,Israel,Kobi Marimi,Home,English,Ballad,1,Male,1,unknown,unknown,Ab Major,110,42,55,23,7 dB,70,0,14,4,unknown,unknown,0,5,0,0,-,35,0,7,0,23,35,,,,,0,middle eastern,1
2019,-,16,United Kingdom,Michael Rice,Bigger than Us,English,Ballad,1,Male,1,unknown,unknown,C Major,82,55,52,57,8 dB,1,0,9,3,unknown,unknown,0,5,0,0,-,3,8,1,5,26,11,,,,,0,white,0
2019,-,21,France,Bilal Hassani,Roi,"French, English",Pop,1,Male,1,unknown,unknown,Fs Minor,140,67,55,54,7 dB,21,0,12,4,unknown,unknown,2,0,0,0,-,38,67,12,18,16,105,,,,,0,mixed,0
2019,-,22,Italy,Mahmood,Soldi,Italian,Pop,1,Male,1,unknown,unknown,Eb Minor,95,59,73,35,10 dB,4,0,31,5,unknown,unknown,3,0,0,0,-,253,219,38,32,2,472,,,,,0,mixed,0
2019,-,26,Spain,Miki,La Venda,Spanish,Pop,1,Male,1,unknown,unknown,C Minor,148,81,62,80,5 dB,8,0,33,6,unknown,unknown,5,0,0,0,-,53,1,12,1,22,54,,,,,0,white,0
2018,1,-,Azerbaijan,Aisel,X My Heart,English,Pop,0,Female,1,unknown,unknown,Ab Major,120,77,52,27,10 dB,0,80,14,3,unknown,unknown,4,0,0,0,0,,,,,,,11,47,47,94,0,middle eastern,0
2018,2,-,Iceland,Ari Olafsson,Our Choice,English,Ballad,0,Male,1,unknown,unknown,B Major,130,49,48,7,10 dB,0,92,31,3,unknown,unknown,0,5,0,0,0,,,,,,,19,0,15,15,0,white,0
2018,3,12,Albania,Eugent Bushpepa,Mall,Albanian,Rock,0,Male,4,unknown,unknown,E Major,95,76,39,41,6 dB,0,79,12,3,unknown,unknown,0,2,3,0,1,58,126,8,20,11,184,8,48,114,162,0,white,0
2018,4,-,Belgium,Sennek,A Matter of Time,English,Pop,-,Female,1,unknown,unknown,C Minor,88,59,66,59,6 dB,12,0,20,3,unknown,unknown,0,0,0,0,0,,,,,,,12,20,71,91,0,white,0
2018,5,14,Czech Republic,Mikolas Josef,Lie to Me,English,Pop,0,Male,1,unknown,unknown,Fs Minor,106,70,83,64,6 dB,0,0,36,12,unknown,unknown,2,0,0,0,1,215,66,35,16,6,281,3,134,98,232,0,white,0
2018,6,4,Lithuania,Ieva Zasimauskaite,When We're Old,English,Ballad,0,Female,1,unknown,unknown,Bb Major,90,19,34,4,15 dB,87,85,16,4,unknown,unknown,0,0,0,0,1,91,90,11,17,12,181,9,62,57,119,0,white,0
2018,7,22,Israel,Netta,Toy,English,Pop,0,Female,1,unknown,unknown,Eb Minor,130,71,79,80,5 dB,7,0,24,7,unknown,unknown,3,0,0,0,1,317,212,39,34,1,529,1,116,167,283,1,mixed,0
2018,8,-,Belarus,Alekseev,Forever,English,Ballad,-,Male,1,unknown,unknown,A Minor,117,59,38,41,5 dB,60,0,20,4,unknown,unknown,1,0,0,0,0,,,,,,,16,45,20,65,0,white,0
2018,9,6,Estonia,Elina Nechayeva,La forza,Italian,Opera,0,Female,1,unknown,unknown,D Minor,94,60,23,26,8 dB,50,0,27,4,unknown,unknown,0,0,0,0,1,102,143,19,26,8,245,5,120,81,201,0,white,0
2018,10,18,Bulgaria,Equinox,Bones,English,Pop,0,Mix,5,unknown,unknown,Fs Minor,88,57,51,43,9 dB,2,39,11,4,unknown,unknown,0,0,0,0,1,66,100,15,18,14,166,7,70,107,177,0,white,0
2018,11,-,North Macedonia,Eye Cue,Lost and Found,English,Pop,-,Female,1,unknown,unknown,Ab Major,120,76,75,56,3 dB,7,6,11,4,unknown,unknown,0,3,2,0,0,,,,,,,18,6,18,24,0,white,0
2018,12,-,Croatia,Franka,Crazy,English,Pop,-,Female,1,unknown,unknown,A Minor,98,41,67,37,8 dB,36,0,63,3,unknown,unknown,0,0,0,0,0,,,,,,,17,17,46,63,0,white,0
2018,13,5,Austria,Cesar Sampson,Nobody but You,English,Pop,0,Male,1,unknown,unknown,B Minor,85,51,50,43,6 dB,9,0,36,3,unknown,unknown,0,0,0,0,1,71,271,18,34,3,342,4,116,115,231,0,mixed,0
2018,14,-,Greece,Yianna Terzi,Oniro mou,Greek,Pop,-,Female,1,unknown,unknown,Db Minor,150,66,42,18,7 dB,2,0,12,4,unknown,unknown,0,0,0,0,0,,,,,,,14,53,28,81,0,white,0
2018,15,17,Finland,Saara Aalto,Monsters,English,Pop,0,Female,1,unknown,unknown,C Minor,122,73,58,27,4 dB,1,0,6,4,unknown,unknown,4,0,0,0,1,23,23,4,6,25,46,10,73,35,108,0,white,0
2018,16,-,Armenia,Sevak Khanagyan,Qami,Armenian,Pop,-,Male,1,unknown,unknown,D Minor,75,50,34,23,8 dB,18,0,27,4,unknown,unknown,0,0,0,0,0,,,,,,,15,41,38,79,0,white,0
2018,17,-,Switzerland,ZiBBZ,Stones,English,Pop,-,Female,1,unknown,unknown,A Minor,84,81,49,56,6 dB,4,0,18,5,unknown,unknown,0,0,1,0,0,,,,,,,13,27,59,86,0,white,0
2018,18,24,Ireland,Ryan O'Shaughnessy,Together,English,Traditional,0,Male,1,unknown,unknown,F Major,94,32,70,28,13 dB,73,0,12,4,unknown,unknown,2,0,1,1,1,62,74,14,19,16,136,6,108,71,179,0,white,0
2018,19,25,Cyprus,Eleni Foureira,Fuego,English,Pop,0,Female,1,unknown,unknown,B Minor,101,74,59,52,5 dB,6,0,58,10,unknown,unknown,4,0,0,0,1,253,183,42,27,2,436,2,173,89,262,0,white,0
2018,1,7,Norway,Alexander Rybak,That's How You Write a Song,English,Pop,0,Male,1,unknown,unknown,Bb Minor,104,61,74,96,10 dB,1,0,6,5,unknown,unknown,4,0,0,1,1,84,60,18,12,15,144,1,133,133,266,0,white,0
2018,2,-,Romania,The Humans,Goodbye,English,Pop,-,Female,1,unknown,unknown,E Major,101,46,47,10,9 dB,1,84,15,3,unknown,unknown,0,0,5,0,0,,,,,,,11,40,67,107,0,white,0
2018,3,10,Serbia,Sanja Ilic & Balkanika,Nova deca,Serbian,Traditional,0,Mix,2,unknown,unknown,B Minor,125,87,38,30,4 dB,8,0,30,11,unknown,unknown,1,2,1,0,1,75,38,9,6,19,113,9,72,45,117,0,white,0
2018,4,-,San Marino,Jessika feat. Jenifer Brening,Who We Are,English,Pop,-,Female,1,unknown,unknown,Ab Minor,127,75,67,61,6 dB,5,0,16,4,unknown,unknown,2,1,0,0,0,,,,,,,17,14,14,28,0,white,0
2018,5,15,Denmark,Rasmussen,Higher Ground,English,Traditional,0,Male,1,unknown,unknown,B Minor,82,85,47,42,5 dB,2,0,13,4,unknown,unknown,4,0,0,0,1,188,38,32,8,9,226,5,164,40,204,0,white,0
2018,6,-,Russia,Julia Samoylova,I Won't Break,English,Pop,-,Female,1,unknown,unknown,Ab Minor,91,80,52,11,9 dB,0,81,11,3,unknown,unknown,2,3,0,0,0,,,,,,,15,51,14,65,0,white,0
2018,7,19,Moldova,DoReDoS,My Lucky Day,English,Pop,0,Mix,3,unknown,unknown,B Minor,122,87,74,82,5 dB,1,0,32,7,unknown,unknown,3,0,0,0,1,115,94,23,13,10,209,3,153,82,235,0,white,0
2018,8,23,Netherlands,Waylon,Outlaw in 'Em,English,Rock,0,Male,1,unknown,unknown,B Minor,87,88,58,73,6 dB,6,0,34,5,unknown,unknown,0,0,4,1,1,32,89,7,18,18,121,7,47,127,174,0,white,0
2018,9,16,Australia,Jessica Mauboy,We Got Love,English,Pop,0,Female,1,unknown,unknown,G Major,114,82,61,30,4 dB,0,0,23,7,unknown,unknown,0,0,0,0,1,9,90,3,17,20,99,4,82,130,212,0,mixed,0
2018,10,-,Georgia,Ethno-Jazz Band Iriao,For You,Georgian,Pop,-,Male,3,unknown,unknown,A Minor,121,56,27,21,6 dB,55,0,21,4,unknown,unknown,0,0,2,0,0,,,,,,,18,13,11,24,0,white,0
2018,11,-,Poland,Gromee feat. Lukas Meijer,Light Me Up,English,Dance,-,Male,1,unknown,unknown,Bb Major,123,74,55,46,6 dB,11,0,14,5,unknown,unknown,1,3,1,0,0,,,,,,,14,60,21,81,0,white,0
2018,12,-,Malta,Christabelle,Taboo,English,Pop,-,Female,1,unknown,unknown,G Major,122,62,64,15,6 dB,20,0,63,4,unknown,unknown,1,0,0,0,0,,,0,0,,,13,8,93,101,0,white,0
2018,13,21,Hungary,AWS,Viszlat nyar,Hungarian,Rock,0,Male,1,unknown,unknown,Eb Minor,164,94,33,34,3 dB,0,0,19,6,unknown,unknown,0,0,4,0,1,65,28,15,7,21,93,10,88,23,111,0,white,0
2018,14,-,Latvia,Laura Rizzotto,Funny Girl,English,Pop,-,Female,1,unknown,unknown,C Major,118,52,69,10,6 dB,40,0,13,5,unknown,unknown,0,0,0,0,0,,,,,,,12,14,92,106,0,white,0
2018,15,20,Sweden,Benjamin Ingrosso,Dance You Off,English,Pop,0,Male,1,unknown,unknown,Ab Major,109,69,73,76,5 dB,10,0,11,7,unknown,unknown,0,0,0,0,1,21,253,7,35,7,274,2,83,171,254,0,white,0
2018,16,-,Montenegro,Vanja Radovanovic,Inje,Montenegrin,Rock,-,Male,1,unknown,unknown,Fs Minor,79,45,49,34,6 dB,39,0,55,3,unknown,unknown,4,0,1,0,0,,,,,,,16,17,23,40,0,white,0
2018,17,3,Slovenia,Lea Sirk,"Hvala, ne!",Slovene,Pop,0,Female,1,unknown,unknown,Db Major,140,60,81,36,8 dB,1,0,10,5,unknown,unknown,4,0,0,0,1,23,41,4,12,22,64,8,65,67,132,0,white,0
2018,18,1,Ukraine,Melovin,Under the Ladder,English,Dance,0,Male,1,unknown,unknown,Bb Minor,140,74,53,33,8 dB,0,92,10,3,unknown,unknown,0,4,0,1,1,119,11,18,2,17,130,6,114,65,179,0,white,0
2018,-,8,Portugal,Claudia Pascoal,O jardim,Portuguese,Pop,1,Female,1,unknown,unknown,Bb Major,120,31,50,10,10 dB,84,0,28,4,unknown,unknown,0,1,0,0,-,18,21,2,5,26,39,,,,,0,white,1
2018,-,9,United Kingdom,SuRie,Storm,English,Pop,1,Female,1,unknown,unknown,Bb Major,116,72,65,38,7 dB,2,0,22,4,unknown,unknown,0,0,0,0,-,25,23,7,6,24,48,,,,,0,white,0
2018,-,11,Germany,Michael Schulte,You Let Me Walk Alone,English,Pop,1,Male,1,unknown,unknown,B Major,75,28,45,42,10 dB,78,0,10,3,unknown,unknown,0,0,0,0,-,136,204,29,30,4,340,,,,,0,white,0
2018,-,13,France,Madame Monsieur,Mercy,French,Pop,1,Female,1,unknown,unknown,E Minor,97,54,65,17,7 dB,7,0,58,5,unknown,unknown,0,0,1,0,-,59,114,13,21,13,173,,,,,0,white,0
2018,-,26,Italy,Ermal Meta & Fabrizio Moro,Non mi avete fatto niente,Italian,Pop,1,Male,2,unknown,unknown,Fs Major,90,88,57,76,5 dB,34,0,16,5,unknown,unknown,0,0,0,0,-,249,59,35,11,5,308,,,,,0,white,0
2018,-,2,Spain,Amaia & Alfred,Tu canciOn,Spanish,Pop,1,Mix,2,unknown,unknown,C Major,120,31,48,26,8 dB,87,0,10,3,unknown,unknown,0,0,0,0,-,18,43,3,10,23,61,,,,,0,white,0
2017,1,24,Sweden,Robin Bengtsson,I Can't Go On,English,Pop,0,Male,1,unknown,unknown,E Minor,109,67,74,46,5 dB,3,0,14,5,unknown,unknown,4,0,0,0,1,126,218,35,33,5,344,3,103,124,227,0,white,0
2017,2,-,Georgia,Tamara Gachechiladze,Keep the Faith,English,Pop,-,Female,1,unknown,unknown,G Minor,132,67,27,19,6 dB,15,0,10,6,unknown,unknown,0,0,0,0,0,,,,,,,11,37,62,99,0,white,0
2017,3,14,Australia,Isaiah,Don't Come Easy,English,Pop,0,Male,1,unknown,unknown,B Minor,79,63,33,55,4 dB,26,0,27,5,unknown,unknown,0,0,0,0,1,2,171,1,29,9,173,6,21,139,160,0,mixed,0
2017,4,-,Albania,Lindita,World,English,Pop,-,Female,1,unknown,unknown,C Major,85,77,42,30,5 dB,14,0,29,4,unknown,unknown,0,4,0,0,0,,,,,,,14,38,38,76,0,white,0
2017,5,23,Belgium,Blanche,City Lights,English,Pop,0,Female,1,unknown,unknown,C Minor,130,45,61,15,9 dB,24,0,21,3,unknown,unknown,0,0,0,0,1,255,108,40,21,4,363,4,125,40,165,0,white,0
2017,6,-,Montenegro,Slavko Kalezic,Space,English,Pop,-,Male,1,unknown,unknown,A Minor,120,94,58,54,4 dB,1,0,11,9,unknown,unknown,0,0,0,0,0,,,,,,,16,39,17,56,0,white,0
2017,7,-,Finland,Norma John,Blackbird,English,Ballad,-,Female,1,unknown,unknown,D Major,81,33,28,12,11 dB,85,8,14,3,unknown,unknown,0,0,1,0,0,,,,,,,12,51,41,92,0,white,0
2017,8,12,Azerbaijan,Dihaj,Skeletons,English,Pop,0,Female,1,unknown,unknown,Fs Minor,91,65,47,30,7 dB,4,0,10,4,unknown,unknown,1,4,0,0,1,42,78,6,14,14,120,8,63,87,150,0,middle eastern,0
2017,9,11,Portugal,Salvador Sobral,Amar pelos dois,Portuguese,Ballad,0,Male,1,unknown,unknown,F Major,88,10,21,17,18 dB,85,0,26,3,unknown,unknown,0,0,0,0,1,376,382,41,39,1,758,1,197,173,370,0,white,0
2017,10,15,Greece,Demy,This Is Love,English,Pop,0,Female,1,unknown,unknown,A Minor,128,68,54,22,8 dB,0,0,11,3,unknown,unknown,2,0,0,0,1,29,48,6,7,19,77,10,54,61,115,0,white,0
2017,11,2,Poland,Kasia Mos,Flashlight,English,Pop,0,Female,1,unknown,unknown,D Major,120,68,44,19,6 dB,6,0,37,5,unknown,unknown,0,0,1,0,1,41,23,11,7,22,64,9,69,50,119,0,white,0
2017,12,7,Moldova,Sunstroke Project,"Hey, Mamma!",English,Dance,0,Male,1,unknown,unknown,Bb Minor,110,81,83,64,6 dB,24,1,7,11,unknown,unknown,0,3,2,0,1,264,110,38,19,3,374,2,180,111,291,0,white,0
2017,13,-,Iceland,Svala,Paper,English,Pop,-,Female,1,unknown,unknown,-,-,-,-,-,-,-,-,-,-,unknown,unknown,0,0,0,0,0,,,,,,,15,31,29,60,0,white,0
2017,14,-,Czech Republic,Martina Barta,My Turn,English,Pop,-,Female,1,unknown,unknown,G Major,86,42,36,16,6 dB,44,0,31,4,unknown,unknown,0,0,0,0,0,,,,,,,13,2,81,83,0,white,0
2017,15,19,Cyprus,Hovig,Gravity,English,Pop,0,Male,1,unknown,unknown,Bb Minor,75,73,59,72,7 dB,4,0,11,9,unknown,unknown,2,0,0,0,1,32,36,6,7,21,68,5,103,61,164,0,white,0
2017,16,5,Armenia,Artsvik,Fly with Me,English,Pop,0,Female,1,unknown,unknown,E Minor,90,80,58,33,5 dB,79,6,8,15,unknown,unknown,2,0,0,0,1,21,58,5,16,18,79,7,65,87,152,0,middle eastern,0
2017,17,-,Slovenia,Omar Naber,On My Way,English,Ballad,-,Male,1,unknown,unknown,D Major,67,55,42,14,6 dB,30,0,52,4,unknown,unknown,0,0,0,0,0,,,,,,,17,20,16,36,0,white,0
2017,18,-,Latvia,Triana Park,Line,English,Pop,-,Female,1,unknown,unknown,Ab Minor,126,64,71,36,7 dB,1,0,19,4,unknown,unknown,0,0,3,0,0,,,,,,,18,20,1,21,0,white,0
2017,1,-,Serbia,Tijana Bogicevic,In Too Deep,English,Pop,-,Female,1,unknown,unknown,-,-,-,-,-,-,-,-,-,-,unknown,unknown,1,0,0,0,0,,,,,,,11,45,53,98,0,unknown,0
2017,2,4,Austria,Nathan Trent,Running on Air,English,Pop,-,Male,1,unknown,unknown,A Major,90,54,71,54,5 dB,11,0,23,3,unknown,unknown,0,4,0,0,1,0,93,0,24,16,93,7,32,115,147,0,unknown,0
2017,3,-,North Macedonia,Jana Burceska,Dance Alone,English,Pop,-,Female,1,unknown,unknown,-,-,-,-,-,-,-,-,-,-,unknown,unknown,0,0,0,0,0,,,,,,,15,40,29,69,0,unknown,0
2017,4,-,Malta,Claudia Faniello,Breathlessly,English,Ballad,-,Female,1,unknown,unknown,Db Major,76,48,52,19,6 dB,66,0,9,3,unknown,unknown,0,0,0,0,0,,,,,,,16,0,55,55,0,unknown,0
2017,5,20,Romania,Ilinca ft. Alex Florea,Yodel It!,English,Pop,0,Mix,2,unknown,unknown,Bb Major,174,91,45,77,5 dB,1,0,12,15,unknown,unknown,0,1,0,0,1,224,58,38,11,7,282,6,148,26,174,0,unknown,0
2017,6,6,Netherlands,O'G3NE,Lights and Shadows,English,Pop,0,Female,3,unknown,unknown,Fs Major,128,73,41,51,5 dB,22,0,14,8,unknown,unknown,0,0,0,0,1,15,135,5,25,11,150,4,51,149,200,0,unknown,0
2017,7,8,Hungary,Joci Papai,Origo,Hungarian,Traditional,0,Male,1,unknown,unknown,A Minor,108,73,55,45,6 dB,58,0,48,22,unknown,unknown,1,0,0,0,1,152,48,33,10,8,200,2,165,66,231,0,unknown,0
2017,8,10,Denmark,Anja,Where I Am,English,Pop,0,Female,1,unknown,unknown,Bb Minor,91,75,40,65,5 dB,4,0,49,13,unknown,unknown,0,0,0,0,1,8,69,1,14,20,77,10,5,96,101,0,unknown,0
2017,9,-,Ireland,Brendan Murray,Dying to Try,English,Ballad,-,Male,1,unknown,unknown,F Minor,164,48,44,19,7 dB,63,0,11,3,unknown,unknown,0,0,0,0,0,,,,,,,13,41,45,86,0,unknown,0
2017,10,-,San Marino,Valentina Monetta and Jimmie Wilson,Spirit of the Night,English,Pop,-,Mix,2,unknown,unknown,G Minor,140,94,71,57,4 dB,8,0,12,1,unknown,unknown,3,0,0,0,0,,,,,,,18,1,0,1,0,unknown,0
2017,11,13,Croatia,Jacques Houdek,My Friend,"English, Italian",Opera,0,Male,1,unknown,unknown,C Major,138,65,42,30,6 dB,21,0,17,5,unknown,unknown,0,3,2,0,1,103,25,21,6,13,128,8,104,37,141,0,unknown,0
2017,12,17,Norway,JOWST,Grab the Moment,English,Pop,0,Male,1,unknown,unknown,E Minor,104,61,69,32,7 dB,12,0,9,9,unknown,unknown,0,0,3,0,1,29,129,8,24,10,158,5,52,137,189,0,unknown,0
2017,13,-,Switzerland,Timebelle,Apollo,English,Pop,-,Female,1,unknown,unknown,Bb Major,87,56,61,28,6 dB,11,0,11,9,unknown,unknown,0,0,2,0,0,,,,,,,12,49,48,97,0,unknown,0
2017,14,3,Belarus,Naviband,Story of My Life,Belarusian,Pop,0,Mix,2,unknown,unknown,E Major,155,97,46,43,4 dB,2,0,40,8,unknown,unknown,0,0,0,1,1,33,50,9,11,17,83,9,55,55,110,0,unknown,0
2017,15,25,Bulgaria,Kristian Kostov,Beautiful Mess,English,Pop,0,Male,1,unknown,unknown,C Minor,126,51,41,21,8 dB,42,0,11,4,unknown,unknown,0,0,0,0,1,337,278,41,38,2,615,1,204,199,403,0,unknown,0
2017,16,-,Lithuania,Fusedmarc,Rain of Revolution,English,Pop,-,Female,1,unknown,unknown,Db Major,101,79,66,30,5 dB,4,0,12,6,unknown,unknown,0,4,1,0,0,,,,,,,17,25,17,42,0,unknown,0
2017,17,-,Estonia,Koit Toome and Laura,Verona,English,Pop,-,Mix,2,unknown,unknown,D Minor,111,82,61,29,4 dB,1,0,35,3,unknown,unknown,0,0,0,0,0,,,,,,,14,69,16,85,0,unknown,0
2017,18,1,Israel,IMRI,I Feel Alive,English,Pop,0,Male,1,unknown,unknown,C Minor,128,92,69,43,3 dB,2,2,5,5,unknown,unknown,5,0,0,0,1,5,34,3,8,23,39,3,132,75,207,0,unknown,0
2017,-,9,Italy,Francesco Gabbani,Occidentali's Karma,Italian[f],Pop,1,Male,1,unknown,unknown,Bb Major,114,83,67,58,4 dB,4,0,11,8,unknown,unknown,1,4,0,0,-,208,126,36,20,6,334,,,,,1,unknown,0
2017,-,16,Spain,Manel Navarro,Do It for Your Lover,"Spanish, English",Pop,1,Male,1,unknown,unknown,G Major,170,77,66,88,4 dB,1,0,11,5,unknown,unknown,0,0,3,1,-,5,0,1,0,26,5,,,,,0,unknown,0
2017,-,18,United Kingdom,Lucie Jones,Never Give Up on You,English,Ballad,1,Female,1,unknown,unknown,F Major,128,37,41,25,8 dB,40,0,32,4,unknown,unknown,0,0,0,0,-,12,99,4,21,15,111,,,,,0,unknown,0
2017,-,21,Germany,Levina,Perfect Life,English,Pop,1,Female,1,unknown,unknown,Eb Major,124,70,81,52,6 dB,38,0,13,5,unknown,unknown,0,0,0,0,-,3,3,1,1,25,6,,,,,0,unknown,0
2017,-,22,Ukraine,O.Torvald,Time,English,Rock,1,Male,1,unknown,unknown,Db Minor,102,90,57,31,5 dB,0,0,12,8,unknown,unknown,0,1,4,1,-,24,12,6,3,24,36,,,,,0,unknown,1
2017,-,26,France,Alma,Requiem,"French, English",Pop,1,Female,1,unknown,unknown,-,-,-,-,-,-,-,-,-,-,unknown,unknown,0,0,0,0,-,90,45,24,12,12,135,,,,,0,unknown,0
2016,1,-,Finland,Sandhja,Sing It Away,English,Pop,-,Female,1,unknown,unknown,G Minor,126,90,65,58,5 dB,0,3,15,8,unknown,unknown,0,5,0,0,0,,,,,,,15,16,35,51,0,unknown,0
2016,2,-,Greece,Argo,Utopian Land,"English, Greek3",Pop,-,Mix,4,unknown,unknown,-,-,-,-,-,-,-,-,-,-,unknown,unknown,0,0,2,0,0,,,,,,,16,22,22,44,0,unknown,0
2016,3,-,Moldova,Lidia Isac,Falling Stars,English,Pop,-,Female,1,unknown,unknown,Ab Major,126,82,63,30,7 dB,5,0,2,4,unknown,unknown,1,0,0,0,0,,,,,,,17,9,24,33,0,unknown,0
2016,4,5,Hungary,Freddie,Pioneer,English,Pop,0,Male,1,unknown,unknown,C Minor,72,59,51,28,8 dB,0,96,11,3,unknown,unknown,0,3,1,0,1,56,52,16,12,19,108,4,119,78,197,0,unknown,0
2016,5,17,Croatia,Nina Kraljic,Lighthouse,English,Pop,0,Female,1,unknown,unknown,Bb Minor,116,54,60,36,5 dB,23,0,21,4,unknown,unknown,0,4,0,0,1,33,40,5,11,23,73,10,53,80,133,0,unknown,0
2016,6,3,Netherlands,Douwe Bob,Slow Down,English,Pop,0,Male,1,unknown,unknown,B Minor,124,79,60,62,5 dB,5,0,6,3,unknown,unknown,0,0,5,1,1,39,114,8,22,11,153,5,95,102,197,0,unknown,0
2016,7,26,Armenia,Iveta Mukuchyan,LoveWave,English,Pop,0,Female,1,unknown,unknown,F Minor,120,72,53,31,8 dB,8,0,11,5,unknown,unknown,0,0,0,0,1,134,115,21,21,7,249,2,116,127,243,0,unknown,0
2016,8,-,San Marino,Serhat,I Didn't Know,English,Pop,-,Male,1,unknown,unknown,Fs Minor,123,70,68,54,7 dB,3,0,13,5,unknown,unknown,0,5,0,0,0,,,,,,,12,49,19,68,0,unknown,0
2016,9,18,Russia,Sergey Lazarev,You Are the Only One,English,Pop,0,Male,1,unknown,unknown,B Minor,128,89,63,28,5 dB,4,0,9,6,unknown,unknown,0,0,0,0,1,361,130,41,20,3,491,1,194,148,342,1,unknown,0
2016,10,2,Czech Republic,Gabriela Guncikova,I Stand,English,Pop,0,Female,1,unknown,unknown,G Minor,103,59,17,17,6 dB,0,0,31,4,unknown,unknown,0,0,0,0,1,0,41,0,11,25,41,9,41,120,161,0,unknown,0
2016,11,14,Cyprus,Minus One,Alter Ego,English,Rock,0,Male,1,unknown,unknown,Bb Minor,130,91,48,59,4 dB,1,0,10,5,unknown,unknown,0,0,4,0,1,53,43,11,10,21,96,8,93,71,164,0,unknown,0
2016,12,24,Austria,Zoe,Loin d'ici,French,Pop,0,Female,1,unknown,unknown,-,-,-,-,-,-,-,-,-,-,unknown,unknown,0,0,0,0,1,120,31,27,7,13,151,7,133,37,170,0,unknown,0
2016,13,-,Estonia,Juri Pootsmann,Play,English,Pop,-,Male,1,unknown,unknown,-,-,-,-,-,-,-,-,-,-,unknown,unknown,0,0,0,0,0,,,,,,,18,15,9,24,0,unknown,0
2016,14,4,Azerbaijan,Samra,Miracle,English,Pop,0,Female,1,unknown,unknown,F Minor,96,76,58,34,3 dB,5,0,14,4,unknown,unknown,0,4,0,0,1,73,44,13,11,17,117,6,93,92,185,0,unknown,0
2016,15,-,Montenegro,Highway,The Real Thing,English,Pop,-,Male,1,unknown,unknown,-,-,-,-,-,-,-,-,-,-,unknown,unknown,1,1,2,0,0,,,,,,,13,14,46,60,0,unknown,0
2016,16,-,Iceland,Greta SalOme,Hear Them Calling,English,Pop,-,Female,1,unknown,unknown,D Minor,134,54,54,29,11 dB,4,0,25,8,unknown,unknown,0,0,0,0,0,,,,,,,14,24,27,51,0,unknown,0
2016,17,-,Bosnia and Herzegovina,Dalal & Deen feat. Ana Rucner and Jala,Ljubav je,Bosnian,Pop,-,Mix,3,unknown,unknown,Eb Major,84,73,30,48,6 dB,34,0,9,12,unknown,unknown,0,0,1,0,0,,,,,,,11,78,26,104,0,unknown,0
2016,18,22,Malta,Ira Losco,Walk on Water,English,Pop,0,Female,1,unknown,unknown,Eb Minor,124,81,38,18,5 dB,0,0,13,5,unknown,unknown,1,0,0,0,1,16,137,3,23,12,153,3,54,155,209,0,unknown,0
2016,1,20,Latvia,Justs,Heartbeat,English,Pop,0,Male,1,unknown,unknown,Db Major,115,55,68,52,7 dB,3,0,9,7,unknown,unknown,0,0,0,0,1,63,69,13,14,15,132,8,68,64,132,0,unknown,0
2016,2,12,Poland,Michal Szpak,Color of Your Life,English,Pop,0,Male,1,unknown,unknown,A Minor,83,67,49,25,5 dB,9,0,8,3,unknown,unknown,0,0,4,0,1,222,7,35,4,8,229,6,131,20,151,0,unknown,0
2016,3,-,Switzerland,Rykka,The Last of Our Kind,English,Pop,-,Female,1,unknown,unknown,Db Minor,81,67,57,45,5 dB,16,0,43,4,unknown,unknown,0,0,0,0,0,,,,,,,18,3,25,28,0,unknown,0
2016,4,7,Israel,Hovi Star,Made of Stars,English,Ballad,0,Male,1,unknown,unknown,G Minor,70,41,43,36,7 dB,62,0,12,3,unknown,unknown,2,0,0,0,1,11,124,3,25,14,135,7,20,127,147,0,unknown,0
2016,5,-,Belarus,Ivan,Help You Fly,English,Pop,-,Male,1,unknown,unknown,D Minor,93,76,49,29,6 dB,0,0,15,3,unknown,unknown,0,0,0,0,0,,,,,,,12,52,32,84,0,unknown,0
2016,6,15,Serbia,Sanja Vucic ZAA,Goodbye (Shelter),English,Pop,0,Female,1,unknown,unknown,-,-,-,-,-,-,-,-,-,-,unknown,unknown,1,4,0,0,1,80,35,8,7,18,115,10,50,55,105,0,unknown,0
2016,7,-,Ireland,Nicky Byrne,Sunlight,English,Pop,-,Male,1,unknown,unknown,G Minor,125,9,62,48,6 dB,4,0,26,3,unknown,unknown,0,0,3,0,0,,,,,,,15,31,15,46,0,unknown,0
2016,8,-,North Macedonia,Kaliopi,Dona,Macedonian,Ballad,-,Female,1,unknown,unknown,G Major,132,51,52,17,7 dB,17,0,11,5,unknown,unknown,0,4,1,0,0,,,,,,,11,54,34,88,0,unknown,0
2016,9,16,Lithuania,Donny Montell,I've Been Waiting for This Night,English,Ballad,0,Male,1,unknown,unknown,A Major,134,77,48,61,6 dB,0,0,31,4,unknown,unknown,0,0,0,0,1,96,104,17,22,9,200,4,118,104,222,0,unknown,0
2016,10,13,Australia,Dami Im,Sound of Silence,English,Pop,0,Female,1,unknown,unknown,E Minor,136,82,52,32,4 dB,34,0,10,7,unknown,unknown,0,0,0,0,1,191,320,37,38,2,511,1,142,188,330,0,unknown,0
2016,11,-,Slovenia,ManuElla,Blue and Red,English,Pop,-,Female,1,unknown,unknown,G Major,145,81,51,22,3 dB,9,0,35,4,unknown,unknown,1,0,0,0,0,,,,,,,14,8,49,57,0,unknown,0
2016,12,8,Bulgaria,Poli Genova,If Love Was a Crime,"English, Bulgarian",Dance,0,Female,1,unknown,unknown,C Major,110,83,61,52,5 dB,2,0,22,3,unknown,unknown,0,0,0,0,1,180,127,34,23,4,307,5,122,98,220,0,unknown,0
2016,13,-,Denmark,Lighthouse X,Soldiers of Love,English,Pop,-,Male,3,unknown,unknown,Ab Major,127,70,65,39,7 dB,2,0,6,5,unknown,unknown,0,0,0,0,0,,,,,,,17,24,10,34,0,unknown,0
2016,14,21,Ukraine,Jamala,1944,"English, Crimean Tatar",Pop,0,Female,1,unknown,unknown,Eb Major,120,51,81,47,5 dB,60,1,24,6,unknown,unknown,0,0,0,0,1,323,211,40,24,1,534,2,152,135,287,0,unknown,0
2016,15,-,Norway,Agnete,Icebreaker,English,Dance,-,Female,1,unknown,unknown,Fs Minor,125,72,43,18,6 dB,1,0,11,4,unknown,unknown,1,0,0,0,0,,,,,,,13,34,29,63,0,unknown,0
2016,16,23,Georgia,Nika Kocharov & Young Georgian Lolitaz,Midnight Gold,English,Rock,0,Male,1,unknown,unknown,-,-,-,-,-,-,-,-,-,-,unknown,unknown,0,0,3,1,1,24,80,6,12,20,104,9,39,84,123,0,unknown,0
2016,17,-,Albania,Eneda Tarifa,Fairytale,English,Pop,-,Female,1,unknown,unknown,-,-,-,-,-,-,-,-,-,-,unknown,unknown,0,3,0,0,0,,,,,,,16,35,10,45,0,unknown,0
2016,18,1,Belgium,Laura Tesoro,What's the Pressure,English,Pop,0,Female,1,unknown,unknown,B Major,117,81,75,76,3 dB,2,0,7,10,unknown,unknown,0,4,0,0,1,51,130,9,20,10,181,3,135,139,274,0,unknown,0
2016,-,6,Italy,Francesca Michielin,No Degree of Separation,"Italian, English",Pop,1,Female,1,unknown,unknown,C Major,150,78,29,34,4 dB,2,0,17,4,unknown,unknown,0,0,0,0,-,34,90,8,14,16,124,,,,,0,unknown,0
2016,-,9,Sweden,Frans,If I Were Sorry,English,Pop,1,Male,1,unknown,unknown,A Minor,120,85,73,12,5 dB,16,1,10,5,unknown,unknown,0,0,0,0,-,139,122,29,17,5,261,,,,,0,unknown,1
2016,-,10,Germany,Jamie-Lee,Ghost,English,Pop,1,Female,1,unknown,unknown,Bb Minor,170,60,47,21,7 dB,33,0,7,4,unknown,unknown,0,0,0,0,-,10,1,2,1,26,11,,,,,0,unknown,0
2016,-,11,France,Amir,J'ai cherche,"French, English",Pop,1,Male,1,unknown,unknown,-,-,-,-,-,-,-,-,-,-,unknown,unknown,0,0,0,0,-,109,148,26,26,6,257,,,,,0,unknown,0
2016,-,19,Spain,Barei,Say Yay!,English,Pop,1,Female,1,unknown,unknown,F Minor,125,79,63,53,6 dB,2,0,10,3,unknown,unknown,0,4,0,0,-,10,67,5,15,22,77,,,,,0,unknown,0
2016,-,25,United Kingdom,Joe and Jake,You're Not Alone,English,Pop,1,Male,2,unknown,unknown,E Major,128,87,53,34,5 dB,0,0,17,5,unknown,unknown,0,0,2,1,-,8,54,3,10,24,62,,,,,0,unknown,0
2015,1,-,Moldova,Eduard Romanyuta,I Want Your Love,English,Pop,-,Male,1,unknown,unknown,Ab Major,103,81,44,87,5 dB,3,0,15,4,unknown,unknown,3,2,0,0,0,,,,,,,11,,,41,0,unknown,0
2015,2,6,Armenia,Genealogy,Face the Shadow,English,Pop,0,Mix,6,unknown,unknown,-,-,-,-,-,-,-,-,-,-,unknown,unknown,0,0,0,0,1,15,77,11,4,16,92,7,,,77,0,unknown,0
2015,3,13,Belgium,Loic Nottet,Rhythm Inside,English,Pop,0,Male,1,unknown,unknown,G Major,90,51,82,31,5 dB,8,0,7,4,unknown,unknown,0,5,0,0,1,186,190,37,31,4,376,2,,,149,0,unknown,0
2015,4,-,Netherlands,Trijntje Oosterhuis,Walk Along,English,Pop,-,Female,1,unknown,unknown,-,-,-,-,-,-,-,-,-,-,unknown,unknown,0,4,0,0,0,,,,,,,14,,,33,0,unknown,0
2015,5,-,Finland,Pertti Kurikan Nimipaivat,Aina mun pitaa,Finnish,Rock,-,Male,1,unknown,unknown,C Major,97,85,39,80,6 dB,0,0,36,5,unknown,unknown,0,0,3,0,0,,,,,,,16,,,13,0,unknown,0
2015,6,15,Greece,Maria Elena Kyriakou,One Last Breath,English,Ballad,0,Female,1,unknown,unknown,D Minor,69,60,22,31,7 dB,18,0,41,4,unknown,unknown,0,0,1,0,1,29,24,4,5,19,53,6,,,81,0,unknown,0
2015,7,4,Estonia,Elina Born & Stig Rasta,Goodbye to Yesterday,English,Pop,0,Mix,2,unknown,unknown,G Minor,138,83,63,70,5 dB,38,0,39,5,unknown,unknown,0,0,0,1,1,53,144,32,16,7,197,3,,,105,0,unknown,0
2015,8,-,North Macedonia,Daniel Kajmakoski,Autumn Leaves,English,Pop,-,Male,1,unknown,unknown,C Major,120,64,60,40,8 dB,63,0,9,3,unknown,unknown,0,3,0,0,0,,,,,,,15,,,28,0,unknown,0
2015,9,8,Serbia,Bojana Stamenov,Beauty Never Lies,English,Pop,0,Female,1,unknown,unknown,-,-,-,-,-,-,-,-,-,-,unknown,unknown,0,4,0,0,1,12,86,16,4,10,98,9,,,63,0,unknown,0
2015,10,22,Hungary,Boggie,Wars for Nothing,English,Pop,0,Female,1,unknown,unknown,D Major,97,15,45,22,12 dB,83,0,16,3,unknown,unknown,0,4,0,0,1,29,17,4,8,20,46,8,,,67,0,unknown,0
2015,11,-,Belarus,Uzari & Maimuna,Time,English,Pop,-,Male,1,unknown,unknown,G Minor,130,84,56,51,4 dB,10,0,27,4,unknown,unknown,0,0,1,0,0,,,,,,,12,,,39,0,unknown,0
2015,12,25,Russia,Polina Gagarina,A Million Voices,English,Pop,0,Female,1,unknown,unknown,G Major,76,66,43,32,4 dB,18,0,17,3,unknown,unknown,0,2,3,0,1,234,286,38,32,2,520,1,,,182,0,unknown,0
2015,13,-,Denmark,Anti Social Media,The Way You Are,English,Pop,-,Male,1,unknown,unknown,C Major,125,78,58,84,2 dB,9,0,24,3,unknown,unknown,0,2,3,1,0,,,,,,,13,,,33,0,unknown,0
2015,14,26,Albania,Elhaida Dani,I'm Alive,English,Pop,0,Female,1,unknown,unknown,-,-,-,-,-,-,-,-,-,-,unknown,unknown,0,3,0,0,1,4,93,12,2,17,97,10,,,62,0,unknown,0
2015,15,20,Romania,Voltaj,De la capat,"Romanian, English",Pop,0,Male,1,unknown,unknown,E Major,98,56,57,16,6 dB,49,0,13,3,unknown,unknown,0,0,4,0,1,21,69,12,4,15,90,5,,,89,0,unknown,0
2015,16,23,Georgia,Nina Sublatti,Warrior,English,Pop,0,Female,1,unknown,unknown,F Minor,141,91,46,39,4 dB,1,0,22,10,unknown,unknown,0,0,0,0,1,62,51,12,13,11,113,4,,,98,0,unknown,0
2015,1,7,Lithuania,Monika Linkyte & Vaidas Baumila,This Time,English,Pop,0,Mix,2,unknown,unknown,Ab Major,131,87,56,32,6 dB,0,0,11,6,unknown,unknown,0,4,0,0,1,31,44,6,9,18,75,7,,,67,0,unknown,0
2015,2,-,Ireland,Molly Sterling,Playing with Numbers,English,Ballad,-,Female,1,unknown,unknown,C Major,79,49,56,24,6 dB,27,0,30,3,unknown,unknown,0,2,3,1,0,,,,,,,12,,,35,0,unknown,0
2015,3,-,San Marino,Anita Simoncini & Michele Perniola,Chain of Lights,English,Pop,-,Mix,2,unknown,unknown,-,-,-,-,-,-,-,-,-,-,unknown,unknown,0,4,0,0,0,,,,,,,16,,,11,0,unknown,0
2015,4,16,Montenegro,Knez,Adio,Montenegrin,Traditional,0,Male,1,unknown,unknown,Fs Minor,95,56,34,29,8 dB,63,0,6,3,unknown,unknown,0,5,0,0,1,44,34,5,9,13,78,9,,,57,0,unknown,0
2015,5,-,Malta,Amber,Warrior,English,Ballad,-,Female,1,unknown,unknown,-,-,-,-,-,-,-,-,-,-,unknown,unknown,0,0,0,0,0,,,,,,,11,,,43,0,unknown,0
2015,6,9,Norway,Morland & Debrah Scarlett,A Monster Like Me,English,Ballad,0,Mix,2,unknown,unknown,Db Minor,147,31,31,17,8 dB,46,0,10,3,unknown,unknown,0,0,0,0,1,163,37,10,24,8,200,4,,,123,0,unknown,0
2015,7,-,Portugal,Leonor Andrade,Ha um mar que nos separa,Portuguese,Ballad,-,Female,1,unknown,unknown,-,-,-,-,-,-,-,-,-,-,unknown,unknown,0,4,0,0,0,,,,,,,14,,,19,0,unknown,0
2015,8,-,Czech Republic,Marta Jandova & Vaclav Noid Barta,Hope Never Dies,English,Ballad,-,Mix,2,unknown,unknown,-,-,-,-,-,-,-,-,-,-,unknown,unknown,0,0,0,0,0,,,,,,,13,,,33,0,unknown,0
2015,9,3,Israel,Nadav Guedj,Golden Boy,English,Pop,-,Male,1,unknown,unknown,Db Minor,115,83,72,70,5 dB,18,0,7,6,unknown,unknown,3,2,0,0,1,77,102,31,17,9,179,3,,,151,0,unknown,0
2015,10,19,Latvia,Aminata,Love Injected,English,Pop,0,Female,1,unknown,unknown,G Minor,144,29,45,16,10 dB,12,2,12,5,unknown,unknown,0,3,0,0,1,249,88,22,35,6,337,2,,,155,0,unknown,0
2015,11,24,Azerbaijan,Elnur Huseynov,Hour of the Wolf,English,Ballad,0,Male,1,unknown,unknown,D Major,106,67,48,19,5 dB,6,0,31,4,unknown,unknown,2,0,0,0,1,40,48,8,8,12,88,10,,,53,0,unknown,0
2015,12,-,Iceland,Maria Olafs,Unbroken,English,Pop,-,Female,1,unknown,unknown,Ab Major,97,61,27,46,7 dB,10,0,30,5,unknown,unknown,0,5,0,0,0,,,,,,,15,,,14,0,unknown,0
2015,13,10,Sweden,Mans Zelmerlow,Heroes,English,Pop,0,Male,1,unknown,unknown,G Major,124,79,48,37,4 dB,7,0,5,4,unknown,unknown,0,0,0,0,1,353,272,38,37,1,625,1,,,217,1,unknown,0
2015,14,-,Switzerland,Melanie Rene,Time to Shine,English,Pop,-,Female,1,unknown,unknown,E Minor,140,67,60,45,7 dB,1,0,14,4,unknown,unknown,0,0,4,0,0,,,,,,,17,,,4,0,unknown,0
2015,15,11,Cyprus,John Karayiannis,One Thing I Should Have Done,English,Ballad,0,Male,1,unknown,unknown,Eb Major,90,38,35,46,8 dB,55,0,37,3,unknown,unknown,0,0,0,0,1,63,8,1,15,22,71,6,,,87,0,unknown,0
2015,16,1,Slovenia,Maraaya,Here for You,English,Pop,0,Female,1,unknown,unknown,E Minor,158,76,29,54,5 dB,1,0,38,17,unknown,unknown,1,0,1,0,1,36,27,6,10,14,63,5,,,92,0,unknown,0
2015,17,18,Poland,Monika Kuszynska,In the Name of Love,English,Ballad,0,Female,1,unknown,unknown,Db Major,82,64,34,13,7 dB,15,0,18,4,unknown,unknown,0,3,1,0,1,2,47,10,1,23,49,8,,,57,0,unknown,0
2015,-,2,France,Lisa Angell,N'oubliez pas,French,Ballad,1,Female,1,unknown,unknown,A Minor,126,51,54,21,6 dB,75,0,10,3,unknown,unknown,0,0,4,0,-,24,3,1,8,25,27,,,,,0,unknown,0
2015,-,5,United Kingdom,Electro Velvet,Still in Love with You,English,Pop,1,Mix,2,unknown,unknown,C Major,117,81,75,74,4 dB,3,0,8,6,unknown,unknown,0,4,0,0,-,12,4,2,6,24,16,,,,,0,unknown,0
2015,-,14,Austria,The Makemakes,I Am Yours,English,Ballad,1,Male,1,unknown,unknown,Db Major,83,50,52,25,6 dB,31,0,10,3,unknown,unknown,0,0,2,1,-,40,0,0,12,26,40,,,,,0,unknown,1
2015,-,17,Germany,Ann Sophie,Black Smoke,English,Pop,1,Female,1,unknown,unknown,Db Major,172,86,61,81,4 dB,0,0,15,9,unknown,unknown,0,4,0,0,-,24,5,2,7,27,29,,,,,0,unknown,0
2015,-,21,Spain,Edurne,Amanecer,Spanish,Ballad,1,Female,1,unknown,unknown,Eb Minor,127,70,45,11,4 dB,14,0,10,3,unknown,unknown,1,0,0,0,-,6,26,8,3,21,32,,,,,0,unknown,0
2015,-,27,Italy,Il Volo,Grande amore,Italian,Ballad,1,Male,3,unknown,unknown,Db Major,142,60,46,15,6 dB,6,0,15,3,unknown,unknown,0,0,0,0,-,171,356,38,27,3,527,,,,,0,unknown,0
2014,1,7,Armenia,Aram MP3,Not Alone,English,Ballad,0,Male,1,unknown,unknown,C Minor,70,63,45,20,7 dB,28,95,20,3,unknown,unknown,0,0,0,0,1,113,187,26,19,4,300,4,,,121,1,unknown,0
2014,2,-,Latvia,Aarzemnieki,Cake to Bake,English,Pop,-,Male,2,unknown,unknown,Fs Major,99,69,59,81,7 dB,63,0,13,7,unknown,unknown,0,0,2,1,0,,,,,,,13,,,33,0,unknown,0
2014,3,-,Estonia,Tanja,Amazing,English,Dance,-,Female,1,unknown,unknown,F Minor,128,63,64,14,7 dB,1,43,12,4,unknown,unknown,1,0,0,0,0,,,,,,,12,,,36,0,unknown,0
2014,4,13,Sweden,Sanna Nielsen,Undo,English,Ballad,0,Female,1,unknown,unknown,Fs Major,122,49,58,26,4 dB,40,0,8,4,unknown,unknown,0,0,0,0,1,199,173,32,25,3,372,2,,,131,0,unknown,0
2014,5,4,Iceland,Pollaponk,No Prejudice,English,Rock,0,Male,3,unknown,unknown,G Major,108,93,71,76,5 dB,11,0,26,9,unknown,unknown,0,2,1,1,1,59,38,9,9,15,97,8,,,61,0,unknown,0
2014,6,-,Albania,Hersi,One Night's Anger,English,Ballad,-,Female,1,unknown,unknown,-,-,-,-,-,-,-,-,-,-,unknown,unknown,0,2,2,0,0,,,,,,,15,,,22,0,unknown,0
2014,7,15,Russia,Tolmachevy Sisters,Shine,English,Pop,0,Female,2,unknown,unknown,E Minor,120,87,63,71,5 dB,22,0,10,3,unknown,unknown,0,0,0,0,1,62,132,18,11,7,194,6,,,63,0,unknown,0
2014,8,3,Azerbaijan,Dilara Kazimova,Start a Fire,English,Ballad,0,Female,1,unknown,unknown,B Minor,85,32,30,31,7 dB,83,0,18,3,unknown,unknown,1,0,0,0,1,101,14,3,22,22,115,9,,,57,0,unknown,0
2014,9,1,Ukraine,Mariya Yaremchuk,Tick-Tock,English,Pop,0,Female,1,unknown,unknown,Fs Minor,125,90,70,73,4 dB,1,0,6,4,unknown,unknown,1,0,0,0,1,72,112,19,14,6,184,5,,,118,0,unknown,0
2014,10,-,Belgium,Axel Hirsoux,Mother,English,Ballad,-,Male,1,unknown,unknown,E Minor,87,33,31,25,8 dB,86,0,10,3,unknown,unknown,1,0,0,0,0,,,,,,,14,,,28,0,unknown,0
2014,11,-,Moldova,Cristina Scarlat,Wild Soul,English,Ballad,-,Female,1,unknown,unknown,-,-,-,-,-,-,-,-,-,-,unknown,unknown,4,0,0,0,0,,,,,,,16,,,13,0,unknown,0
2014,12,25,San Marino,Valentina Monetta,Maybe,English,Ballad,0,Female,2,unknown,unknown,-,-,-,-,-,-,-,-,-,-,unknown,unknown,0,0,1,0,1,16,15,7,3,24,31,10,,,40,0,unknown,0
2014,13,-,Portugal,Suzy,Quero ser tua,Portuguese,Pop,-,Female,1,unknown,unknown,-,-,-,-,-,-,-,-,-,-,unknown,unknown,2,2,1,0,0,,,,,,,11,,,39,0,unknown,0
2014,14,24,Netherlands,The Common Linnets,Calm After the Storm,English,Traditional,0,Mix,2,unknown,unknown,Fs Major,116,37,71,43,11 dB,52,23,11,3,unknown,unknown,0,0,3,1,1,,,,,2,0,1,,,150,0,unknown,0
2014,15,8,Montenegro,Sergej cetkovic,Moj svijet,Montenegrin,Ballad,0,Male,1,unknown,unknown,C Minor,53,58,19,23,5 dB,32,0,11,4,unknown,unknown,1,3,0,0,1,48,27,3,9,19,75,7,,,63,0,unknown,0
2014,16,21,Hungary,Andras Kallay-Saunders,Running,English,Pop,0,Male,1,unknown,unknown,-,-,-,-,-,-,-,-,-,-,unknown,unknown,2,0,0,0,1,138,83,21,21,5,221,3,,,127,0,unknown,0
2014,1,22,Malta,Firelight,Coming Home,English,Traditional,0,Mix,2,unknown,unknown,-,-,-,-,-,-,-,-,-,-,unknown,unknown,0,0,4,1,1,119,12,4,22,23,131,9,,,63,0,unknown,0
2014,2,-,Israel,Mei Finegold,Same Heart,"English, Hebrew",Pop,-,Female,1,unknown,unknown,-,-,-,-,-,-,-,-,-,-,unknown,unknown,2,0,0,0,0,,,,,,,14,,,19,0,unknown,0
2014,3,5,Norway,Carl Espen,Silent Storm,English,Ballad,0,Male,1,unknown,unknown,A Major,75,20,35,24,11 dB,86,0,10,4,unknown,unknown,0,0,1,0,1,102,39,13,18,8,141,6,,,77,0,unknown,0
2014,4,-,Georgia,The Shin and Mariko,Three Minutes to Earth,English,Traditional,-,Mix,2,unknown,unknown,-,-,-,-,-,-,-,-,-,-,unknown,unknown,1,0,1,1,0,,,,,,,15,,,15,0,unknown,0
2014,5,9,Poland,Donatan & Cleo,My Slowianie  We Are Slavic,"Polish, English",Traditional,0,Female,1,unknown,unknown,G Major,156,85,68,68,5 dB,26,0,38,10,unknown,unknown,5,0,0,0,1,23,162,23,6,14,185,8,,,70,0,unknown,0
2014,6,11,Austria,Conchita Wurst,Rise Like a Phoenix,English,Ballad,0,Male,1,unknown,unknown,D Minor,82,45,43,21,9 dB,8,0,13,3,unknown,unknown,0,0,0,0,1,214,306,34,26,1,520,1,,,169,0,unknown,0
2014,7,-,Lithuania,Vilija,Attention,English,Pop,-,Female,1,unknown,unknown,-,-,-,-,-,-,-,-,-,-,unknown,unknown,1,3,0,0,0,,,,,,,11,,,36,0,unknown,0
2014,8,18,Finland,Softengine,Something Better,English,Rock,0,Male,1,unknown,unknown,C Major,146,88,56,37,6 dB,0,0,25,6,unknown,unknown,0,0,4,1,1,114,36,7,19,11,150,3,,,97,0,unknown,0
2014,9,-,Ireland,Can-Linn feat. Kasey Smith,Heartbeat,English,Pop,-,Female,1,unknown,unknown,C Major,120,84,68,74,4 dB,29,0,19,3,unknown,unknown,2,2,1,0,0,,,,,,,12,,,35,0,unknown,0
2014,10,2,Belarus,Teo,Cheesecake,English,Pop,0,Male,1,unknown,unknown,Db Minor,95,80,80,89,4 dB,18,0,7,7,unknown,unknown,0,4,0,0,1,50,56,10,9,16,106,5,,,87,0,unknown,0
2014,11,-,North Macedonia,Tijana,To the Sky,English,Pop,-,Female,1,unknown,unknown,Db Minor,128,88,55,74,5 dB,0,0,10,5,unknown,unknown,1,3,0,0,0,,,,,,,13,,,33,0,unknown,0
2014,12,20,Switzerland,Sebalter,Hunter of Stars,English,Pop,0,Male,1,unknown,unknown,E Minor,88,89,57,92,4 dB,14,0,10,7,unknown,unknown,0,0,5,1,1,26,114,29,5,13,140,4,,,92,0,unknown,0
2014,13,10,Greece,Freaky Fortune feat. RiskyKidd,Rise Up,English,Dance,0,Male,2,unknown,unknown,C Minor,128,82,67,65,6 dB,4,0,39,6,unknown,unknown,0,0,1,0,1,45,41,11,11,20,86,7,,,74,0,unknown,0
2014,14,17,Slovenia,Tinkara Kovac,Round and Round,"English, Slovene",Pop,0,Female,1,unknown,unknown,Ab Major,120,63,54,25,6 dB,2,0,22,3,unknown,unknown,0,3,0,1,1,21,15,2,7,25,36,10,,,52,0,unknown,0
2014,15,6,Romania,Paula Seling & Ovi,Miracle,English,Dance,0,Mix,2,unknown,unknown,A Major,135,87,55,35,4 dB,2,0,18,4,unknown,unknown,0,0,0,0,1,51,103,16,9,12,154,2,,,125,0,unknown,0
2014,-,12,Germany,Elaiza,Is It Right,English,Traditional,1,Female,1,unknown,unknown,-,-,-,-,-,-,-,-,-,-,unknown,unknown,0,0,2,0,-,56,27,6,12,18,83,,,,,0,unknown,0
2014,-,14,France,TWIN TWIN,Moustache,French,Dance,1,Male,1,unknown,unknown,Eb Minor,128,89,66,79,5 dB,0,0,9,4,unknown,unknown,2,1,2,0,-,5,1,1,2,26,6,,,,,0,unknown,0
2014,-,16,Italy,Emma,La mia citta,Italian,Rock,1,Female,1,unknown,unknown,-,-,-,-,-,-,-,-,-,-,unknown,unknown,0,0,4,0,-,37,22,4,5,21,59,,,,,0,unknown,0
2014,-,19,Spain,Ruth Lorenzo,Dancing in the Rain,"English, Spanish",Ballad,1,Female,1,unknown,unknown,C Major,130,67,60,42,7 dB,68,0,10,4,unknown,unknown,0,0,0,0,-,83,29,7,21,10,112,,,,,0,unknown,0
2014,-,23,Denmark,Basim,Cliche Love Song,English,Pop,1,Male,1,unknown,unknown,Ab Major,112,84,78,71,4 dB,5,0,5,6,unknown,unknown,2,3,0,0,-,85,42,12,16,9,127,,,,,0,unknown,1
2014,-,26,United Kingdom,Molly,Children of the Universe,English,Pop,1,Female,1,unknown,unknown,-,-,-,-,-,-,-,-,-,-,unknown,unknown,0,4,1,0,-,49,24,5,12,17,73,,,,,0,unknown,0
2013,1,-,Austria,Natalia Kelly,Shine,English,Pop,-,Female,1,unknown,unknown,B Minor,122,92,62,62,5 dB,0,0,7,7,unknown,unknown,0,5,0,0,0,,,,,,,14,,,27,0,unknown,0
2013,2,7,Estonia,Birgit,Et uus saaks alguse,Estonian,Ballad,-,Female,1,unknown,unknown,F Major,78,59,47,32,5 dB,77,0,7,3,unknown,unknown,0,3,0,0,1,,,,,20,0,10,,,52,0,unknown,0
2013,3,-,Slovenia,Hannah,Straight Into Love,English,Dance,-,Female,1,unknown,unknown,D Major,128,80,55,11,5 dB,0,0,8,5,unknown,unknown,3,0,0,0,0,,,,,,,16,,,8,0,unknown,0
2013,4,-,Croatia,Klapa s Mora,Mizerja,Croatian,Traditional,-,Male,6,unknown,unknown,Fs Major,100,52,29,29,8 dB,29,0,16,4,unknown,unknown,0,0,0,0,0,,,,,,,13,,,38,0,unknown,0
2013,5,18,Denmark,Emmelie de Forest,Only Teardrops,English,Pop,0,Female,1,unknown,unknown,C Major,128,86,62,23,10 dB,0,89,36,3,unknown,unknown,0,3,2,0,1,,,,,1,0,1,,,167,1,unknown,0
2013,6,10,Russia,Dina Garipova,What If,English,Ballad,0,Female,1,unknown,unknown,-,-,-,-,-,-,-,-,-,-,unknown,unknown,0,4,0,0,1,,,,,5,0,2,,,156,0,unknown,0
2013,7,22,Ukraine,Zlata Ognevich,Gravity,English,Pop,0,Female,1,unknown,unknown,C Major,176,78,32,46,4 dB,52,0,29,8,unknown,unknown,1,4,0,0,1,,,,,3,0,3,,,140,0,unknown,0
2013,8,13,Netherlands,Anouk,Birds,English,Ballad,0,Female,1,unknown,unknown,B Major,85,41,17,9,8 dB,61,0,11,3,unknown,unknown,0,3,0,0,1,,,,,9,0,6,,,75,0,unknown,0
2013,9,-,Montenegro,Who See,Igranka,Montenegrin,Dance,-,Mix,3,unknown,unknown,-,-,-,-,-,-,-,-,-,-,unknown,unknown,0,0,0,0,0,,,,,,,12,,,41,0,unknown,0
2013,10,2,Lithuania,Andrius Pojavis,Something,English,Dance,0,Male,1,unknown,unknown,F Major,130,74,53,52,5 dB,3,0,10,3,unknown,unknown,0,4,0,0,1,,,,,22,0,9,,,53,0,unknown,0
2013,11,8,Belarus,Alyona Lanskaya,Solayoh,English,Dance,0,Female,1,unknown,unknown,B Minor,95,91,81,60,5 dB,2,0,28,5,unknown,unknown,2,3,0,0,1,,,,,16,0,7,,,64,0,unknown,0
2013,12,3,Moldova,Aliona Moon,O mie,Romanian,Ballad,0,Female,1,unknown,unknown,D Minor,128,72,62,31,3 dB,56,0,18,3,unknown,unknown,3,0,1,0,1,,,,,11,0,4,,,95,0,unknown,0
2013,13,26,Ireland,Ryan Dolan,Only Love Survives,English,Pop,0,Male,1,unknown,unknown,C Minor,128,83,54,35,5 dB,0,0,19,7,unknown,unknown,0,2,3,0,1,,,,,26,0,8,,,54,0,unknown,0
2013,14,-,Cyprus,Despina Olympiou,An me thimasai,Greek,Ballad,-,Female,1,unknown,unknown,D Minor,105,72,63,54,7 dB,34,0,12,3,unknown,unknown,0,0,0,0,0,,,,,,,15,,,11,0,unknown,0
2013,15,6,Belgium,Roberto Bellarosa,Love Kills,English,Pop,0,Male,1,unknown,unknown,Fs Major,132,68,46,35,7 dB,1,0,17,3,unknown,unknown,2,3,0,0,1,,,,,12,0,5,,,75,0,unknown,0
2013,16,-,Serbia,Moje 3,Ljubav je svuda,Serbian,Dance,-,Female,3,unknown,unknown,-,-,-,-,-,-,-,-,-,-,unknown,unknown,0,3,0,0,0,,,,,,,11,,,46,0,unknown,0
2013,1,-,Latvia,PeR,Here We Go,English,Dance,-,Male,2,unknown,unknown,-,-,-,-,-,-,-,-,-,-,unknown,unknown,0,0,2,0,0,,,,,,,17,,,13,0,unknown,0
2013,2,-,San Marino,Valentina Monetta,Crisalide (Vola),Italian,Ballad,-,Female,1,unknown,unknown,Eb Minor,152,83,35,60,5 dB,45,0,15,7,unknown,unknown,2,0,0,0,0,,,,,,,11,,,47,0,unknown,0
2013,3,-,North Macedonia,Esma & Lozano,Pred da se razdeni,"Macedonian, Romani",Traditional,-,Mix,2,unknown,unknown,Bb Major,125,91,56,28,4 dB,0,0,33,4,unknown,unknown,0,2,0,0,0,,,,,,,16,,,28,0,unknown,0
2013,4,20,Azerbaijan,Farid Mammadov,Hold Me,English,Ballad,0,Male,1,unknown,unknown,Bb Minor,90,78,51,36,4 dB,1,0,18,3,unknown,unknown,2,0,0,0,1,,,,,2,0,1,,,139,0,unknown,0
2013,5,4,Finland,Krista Siegfrids,Marry Me,English,Pop,0,Female,1,unknown,unknown,Fs Minor,145,74,80,84,8 dB,0,0,7,14,unknown,unknown,3,2,0,0,1,,,,,24,0,9,,,64,0,unknown,0
2013,6,9,Malta,Gianluca,Tomorrow,English,Pop,0,Male,1,unknown,unknown,A Major,100,64,72,83,7 dB,73,0,9,3,unknown,unknown,0,3,0,0,1,,,,,8,0,4,,,118,0,unknown,0
2013,7,-,Bulgaria,Elitsa Todorova & Stoyan Yankoulov,Samo shampioni,Bulgarian,Traditional,-,Mix,2,unknown,unknown,A Minor,130,93,64,74,5 dB,1,0,9,9,unknown,unknown,0,3,0,1,0,,,,,,,12,,,45,0,unknown,0
2013,8,19,Iceland,Eythor Ingi,Eg a lif,Icelandic,Traditional,0,Male,1,unknown,unknown,A Major,75,34,49,39,9 dB,50,0,12,3,unknown,unknown,0,0,0,0,1,,,,,17,0,6,,,72,0,unknown,0
2013,9,21,Greece,Koza Mostra feat. Agathon Iakovidis,Alcohol Is Free,Greek1,Traditional,0,Male,4,unknown,unknown,D Minor,172,94,57,73,4 dB,1,0,3,4,unknown,unknown,0,0,2,1,1,,,,,6,0,2,,,121,0,unknown,0
2013,10,-,Israel,Moran Mazor,Rak Bishvilo,Hebrew,Ballad,-,Female,1,unknown,unknown,Bb Minor,105,79,60,32,4 dB,47,0,52,5,unknown,unknown,0,2,1,0,0,,,,,,,14,,,40,0,unknown,0
2013,11,12,Armenia,Dorians,Lonely Planet,English,Rock,0,Male,1,unknown,unknown,-,-,-,-,-,-,-,-,-,-,unknown,unknown,0,0,4,0,1,,,,,18,0,7,,,69,0,unknown,0
2013,12,17,Hungary,ByeAlex,Kedvesem (Zoohacker Remix),Hungarian,Pop,0,Male,1,unknown,unknown,C Major,82,21,66,44,10 dB,77,0,11,4,unknown,unknown,0,1,1,0,1,,,,,10,0,8,,,66,0,unknown,0
2013,13,24,Norway,Margaret Berger,I Feed You My Love,English,Dance,0,Female,1,unknown,unknown,B Minor,96,95,34,40,4 dB,0,0,24,42,unknown,unknown,0,3,1,0,1,,,,,4,0,3,,,120,0,unknown,0
2013,14,-,Albania,Adrian Lulgjuraj & Bledar Sejko,Identitet,Albanian,Rock,-,Male,2,unknown,unknown,-,-,-,-,-,-,-,-,-,-,unknown,unknown,0,0,3,1,0,,,,,,,15,,,31,0,unknown,0
2013,15,25,Georgia,Nodi Tatishvili & Sophie Gelovani,Waterfall,English,Ballad,0,Mix,2,unknown,unknown,F Major,138,32,34,19,9 dB,69,0,17,3,unknown,unknown,0,3,0,0,1,,,,,15,0,10,,,63,0,unknown,0
2013,16,-,Switzerland,Takasa,You and Me,English,Pop,-,Mix,2,unknown,unknown,Ab Minor,134,76,58,69,8 dB,0,88,5,4,unknown,unknown,0,0,4,0,0,,,,,,,13,,,41,0,unknown,0
2013,17,14,Romania,Cezar,It's My Life,English,Dance,0,Male,1,unknown,unknown,B Minor,135,91,50,54,5 dB,20,0,13,9,unknown,unknown,3,0,0,0,1,,,,,13,0,5,,,83,0,unknown,0
2013,-,1,France,Amandine Bourgeois,L'enfer et moi,French,Rock,1,Female,1,unknown,unknown,Db Minor,90,62,55,34,5 dB,1,0,33,3,unknown,unknown,0,3,0,0,-,,,,,23,0,,,,,0,unknown,0
2013,-,5,Spain,ESDM,Contigo hasta el final,Spanish,Rock,1,Female,1,unknown,unknown,-,-,-,-,-,-,-,-,-,-,unknown,unknown,0,0,5,0,-,,,,,25,0,,,,,0,unknown,0
2013,-,11,Germany,Cascada,Glorious,English,Dance,1,Female,1,unknown,unknown,-,-,-,-,-,-,-,-,-,-,unknown,unknown,2,0,0,0,-,,,,,21,0,,,,,0,unknown,0
2013,-,15,United Kingdom,Bonnie Tyler,Believe in Me,English,Rock,1,Female,1,unknown,unknown,Ab Major,129,64,60,21,6 dB,33,0,9,3,unknown,unknown,0,0,5,0,-,,,,,19,0,,,,,0,unknown,0
2013,-,16,Sweden,Robin Stjernberg,You,English,Dance,1,Male,1,unknown,unknown,-,-,-,-,-,-,-,-,-,-,unknown,unknown,3,2,0,0,-,,,,,14,0,,,,,0,unknown,1
2013,-,23,Italy,Marco Mengoni,L'essenziale,Italian,Ballad,1,Male,1,unknown,unknown,Fs Major,126,63,56,15,4 dB,20,0,11,4,unknown,unknown,0,0,0,0,-,,,,,7,0,,,,,0,unknown,0
2012,1,-,Montenegro,Rambo Amadeus,Euro Neuro,English,Traditional,-,Male,1,unknown,unknown,-,-,-,-,-,-,-,-,-,-,unknown,unknown,0,3,2,0,0,,,,,,,15,,,20,0,unknown,0
2012,2,7,Iceland,Greta Salome and Jonsi,Never Forget,English,Ballad,0,Mix,2,unknown,unknown,C Minor,101,73,34,48,4 dB,14,0,5,3,unknown,unknown,0,4,0,1,1,39,53,,,20,92,8,,,75,0,unknown,0
2012,3,16,Greece,Eleftheria Eleftheriou,Aphrodisiac,English,Dance,0,Female,1,unknown,unknown,B Minor,110,86,63,87,5 dB,0,0,30,3,unknown,unknown,4,1,0,0,1,89,60,,,17,149,4,,,116,0,unknown,0
2012,4,-,Latvia,Anmary,Beautiful Song,English,Pop,-,Female,1,unknown,unknown,Ab Minor,120,82,73,92,6 dB,6,0,31,5,unknown,unknown,0,4,0,0,0,,,,,,,16,,,17,0,unknown,0
2012,5,3,Albania,Rona Nishliu,Suus3,Albanian,Ballad,0,Female,1,unknown,unknown,Bb Minor,74,33,28,9,5 dB,80,0,11,3,unknown,unknown,0,0,0,0,1,106,157,,,5,263,2,,,146,0,unknown,0
2012,6,14,Romania,Mandinga,Zaleilah,"Spanish, English",Dance,0,Female,1,unknown,unknown,D Minor,127,82,70,79,6 dB,5,1,34,5,unknown,unknown,0,0,5,0,1,117,53,,,12,170,3,,,120,0,unknown,0
2012,7,-,Switzerland,Sinplus,Unbreakable,English,Rock,-,Male,1,unknown,unknown,D Major,144,94,49,50,3 dB,1,0,8,4,unknown,unknown,0,0,3,0,0,,,,,,,11,,,45,0,unknown,0
2012,8,-,Belgium,Iris,Would You?,English,Ballad,-,Female,1,unknown,unknown,-,-,-,-,-,-,-,-,-,-,unknown,unknown,0,3,0,0,0,,,,,,,17,,,16,0,unknown,0
2012,9,-,Finland,Pernilla Karlsson,Nar jag blundar,Swedish,Ballad,-,Female,1,unknown,unknown,-,-,-,-,-,-,-,-,-,-,unknown,unknown,0,0,1,0,0,,,,,,,12,,,41,0,unknown,0
2012,10,-,Israel,Izabo,Time,"English, Hebrew",Pop,-,Male,1,unknown,unknown,B Major,130,85,46,73,3 dB,1,0,7,4,unknown,unknown,0,2,3,1,0,,,,,,,13,,,33,0,unknown,0
2012,11,-,San Marino,Valentina Monetta,The Social Network Song (Oh Oh  Uh - Oh Oh),English,Dance,-,Female,1,unknown,unknown,Ab Minor,106,91,69,89,6 dB,8,33,6,4,unknown,unknown,0,4,1,0,0,,,,,,,14,,,31,0,unknown,0
2012,12,8,Cyprus,Ivi Adamou,La La Love,English,Dance,0,Female,1,unknown,unknown,-,-,-,-,-,-,-,-,-,-,unknown,unknown,4,1,0,0,1,63,85,,,16,148,7,,,91,0,unknown,0
2012,13,15,Denmark,Soluna Samay,Should've Known Better,English,Rock,0,Female,1,unknown,unknown,D Major,94,48,83,75,7 dB,56,0,35,5,unknown,unknown,0,1,4,0,1,18,51,,,23,69,9,,,63,0,unknown,0
2012,14,6,Russia,Buranovskiye Babushki,Party for Everybody,"Udmurt, English",Dance,0,Female,6,unknown,unknown,C Minor,126,85,65,62,5 dB,19,0,35,13,unknown,unknown,0,0,0,0,1,332,94,,,2,426,1,,,152,0,unknown,0
2012,15,2,Hungary,Compact Disco,Sound of Our Hearts,English,Pop,-,Male,1,unknown,unknown,B Minor,80,82,41,25,4 dB,1,0,18,4,unknown,unknown,0,1,4,0,1,20,30,,,24,50,10,,,52,0,unknown,0
2012,16,-,Austria,Trackshittaz,Woki mit deim Popo,German5,Dance,0,Male,2,unknown,unknown,C Major,121,85,87,89,2 dB,4,0,42,4,unknown,unknown,3,0,0,0,0,,,,,,,18,,,8,0,unknown,0
2012,17,26,Moldova,Pasha Parfeny,Lautar,English6,Pop,0,Male,1,unknown,unknown,G Minor,107,86,66,60,4 dB,11,0,21,6,unknown,unknown,3,2,0,0,1,75,104,,,11,179,5,,,100,0,unknown,0
2012,18,23,Ireland,Jedward,Waterline,English,Dance,0,Male,2,unknown,unknown,Bb Major,144,73,66,86,6 dB,0,0,7,4,unknown,unknown,0,4,0,0,1,89,14,,,19,103,6,,,92,0,unknown,0
2012,1,24,Serbia,zeljko Joksimovic,Nije ljubav stvar ,Serbian,Ballad,0,Male,1,unknown,unknown,-,-,-,-,-,-,-,-,-,-,unknown,unknown,0,0,5,0,1,211,173,,,3,384,2,,,159,0,unknown,0
2012,2,22,North Macedonia,Kaliopi,Crno i belo,Macedonian,Rock,0,Female,1,unknown,unknown,D Minor,130,52,73,21,10 dB,36,0,8,33,unknown,unknown,0,0,5,0,1,,,,,13,0,9,,,53,0,unknown,0
2012,3,-,Netherlands,Joan Franka,You and Me,English,Pop,-,Female,1,unknown,unknown,Fs Major,98,64,66,70,6 dB,20,0,14,2,unknown,unknown,0,0,1,0,0,,,,,,,15,,,35,0,unknown,0
2012,4,21,Malta,Kurt Calleja,This Is the Night,English,Dance,0,Male,1,unknown,unknown,C Major,122,87,65,64,4 dB,0,0,7,4,unknown,unknown,1,0,4,0,1,10,70,,,21,80,7,,,70,0,unknown,0
2012,5,-,Belarus,Litesound,We Are the Heroes,English,Dance,-,Male,1,unknown,unknown,Db Minor,120,89,52,52,4 dB,1,0,8,4,unknown,unknown,0,0,4,0,0,,,,,,,16,,,35,0,unknown,0
2012,6,-,Portugal,Filipa Sousa,Vida minha,Portuguese,Ballad,-,Female,1,unknown,unknown,A Minor,86,21,37,21,11 dB,87,0,12,3,unknown,unknown,0,5,0,0,0,,,,,,,13,,,39,0,unknown,0
2012,7,25,Ukraine,Gaitana,Be My Guest,English,Dance,0,Female,1,unknown,unknown,-,-,-,-,-,-,-,-,-,-,unknown,unknown,0,0,4,0,1,37,125,,,15,162,8,,,64,0,unknown,0
2012,8,-,Bulgaria,Sofi Marinova,Love Unlimited,Bulgarian,Dance,-,Female,1,unknown,unknown,B Minor,130,66,75,86,9 dB,14,0,36,14,unknown,unknown,0,0,0,0,0,,,,,,,11,,,45,0,unknown,0
2012,9,-,Slovenia,Eva Boto,Verjamem,Slovene,Ballad,-,Female,1,unknown,unknown,F Minor,132,54,36,12,6 dB,31,0,11,3,unknown,unknown,0,5,0,0,0,,,,,,,17,,,31,0,unknown,0
2012,10,-,Croatia,Nina Badric,Nebo,Croatian,Ballad,-,Female,1,unknown,unknown,G Minor,113,65,52,31,6 dB,46,0,8,5,unknown,unknown,2,3,0,0,0,,,,,,,12,,,42,0,unknown,0
2012,11,17,Sweden,Loreen,Euphoria,English,Dance,0,Female,1,unknown,unknown,B Minor,132,78,56,39,5 dB,14,0,28,4,unknown,unknown,1,0,0,0,1,343,296,,,1,639,1,,,181,1,unknown,0
2012,12,-,Georgia,Anri Jokhadze,I'm a Joker,"English, Georgian",Pop,-,Male,1,unknown,unknown,-,-,-,-,-,-,-,-,-,-,unknown,unknown,1,4,0,1,0,,,,,,,14,,,36,0,unknown,0
2012,13,18,Turkey,Can Bonomo,Love Me Back,English,Traditional,0,Male,1,unknown,unknown,E Major,102,96,70,64,5 dB,18,0,73,7,unknown,unknown,5,0,0,0,1,176,50,,,7,226,5,,,80,0,unknown,0
2012,14,11,Estonia,Ott Lepland,Kuula,Estonian,Ballad,-,Male,1,unknown,unknown,F Major,129,31,37,14,8 dB,45,0,9,3,unknown,unknown,0,1,0,0,1,78,152,,,6,230,4,,,100,0,unknown,0
2012,15,-,Slovakia,Max Jason Mai,Don't Close Your Eyes,English,Rock,0,Male,1,unknown,unknown,-,-,-,-,-,-,-,-,-,-,unknown,unknown,0,0,4,0,0,,,,,,,18,,,22,0,unknown,0
2012,16,12,Norway,Tooji,Stay,English,Dance,0,Male,1,unknown,unknown,F Minor,127,90,61,59,3 dB,0,0,8,11,unknown,unknown,4,1,0,0,1,16,24,,,26,40,10,,,45,0,unknown,0
2012,17,5,Bosnia and Herzegovina,Maya Sar,Korake ti znam,Bosnian,Ballad,0,Female,1,unknown,unknown,A Major,122,35,38,44,8 dB,71,0,24,3,unknown,unknown,0,0,0,1,1,,,,,18,0,6,,,77,0,unknown,0
2012,18,4,Lithuania,Donny Montell,Love Is Blind,English,Ballad,0,Male,1,unknown,unknown,Eb Minor,124,31,76,8,10 dB,32,77,11,6,unknown,unknown,0,0,0,0,1,68,82,,,14,150,3,,,104,0,unknown,0
2012,-,1,United Kingdom,Engelbert Humperdinck,Love Will Set You Free,English,Ballad,1,Male,1,unknown,unknown,D Minor,120,32,46,24,8 dB,86,0,14,3,unknown,unknown,2,0,1,0,-,36,11,,,25,47,,,,,0,unknown,0
2012,-,9,France,Anggun,Echo (You and I),"French, English",Pop,1,Female,1,unknown,unknown,Bb Major,137,79,58,70,5 dB,0,0,10,3,unknown,unknown,3,2,0,0,-,0,85,,,22,85,,,,,0,unknown,0
2012,-,10,Italy,Nina Zilli,L'amore e femmina (Out of Love),"English, Italian",Pop,1,Female,1,unknown,unknown,-,-,-,-,-,-,-,-,-,-,unknown,unknown,0,3,0,0,-,56,157,,,9,213,,,,,0,unknown,0
2012,-,13,Azerbaijan,Sabina Babayeva,When the Music Dies,English,Ballad,1,Female,1,unknown,unknown,Db Minor,92,9,22,30,4 dB,61,0,43,3,unknown,unknown,3,1,0,0,-,151,118,,,4,269,,,,,0,unknown,1
2012,-,19,Spain,Pastora Soler,Quedate conmigo (Stay With Me),Spanish,Ballad,1,Female,1,unknown,unknown,Ab Major,84,66,49,20,5 dB,36,0,52,3,unknown,unknown,0,5,0,0,-,45,154,,,10,199,,,,,0,unknown,0
2012,-,20,Germany,Roman Lob,Standing Still,English,Pop,1,Male,1,unknown,unknown,Bb Major,108,87,59,4,8 dB,6,79,11,4,unknown,unknown,0,0,4,1,-,125,98,,,8,223,,,,,0,unknown,0
2011,1,-,Poland,Magdalena Tul,Jestem,Polish,Pop,-,Female,1,unknown,unknown,F Minor,129,93,73,55,5 dB,0,0,32,12,unknown,unknown,2,3,0,0,0,,,,,,,19,,,18,0,unknown,0
2011,2,-,Norway,Stella Mwangi,Haba Haba,"English, Swahili",Pop,-,Female,1,unknown,unknown,Ab Major,124,91,73,97,5 dB,3,0,17,3,unknown,unknown,0,5,0,0,0,,,,,,,17,,,30,0,unknown,0
2011,3,-,Albania,Aurela Gaçe,Feel the Passion,English,Rock,-,Female,1,unknown,unknown,Ab Minor,75,26,44,12,10 dB,84,0,11,4,unknown,unknown,0,3,2,0,0,,,,,,,14,,,47,0,unknown,0
2011,4,-,Armenia,Emmy,Boom Boom,English,Pop,-,Female,1,unknown,unknown,-,-,-,-,-,-,-,-,-,-,unknown,unknown,0,5,0,0,0,,,,,,,12,,,54,0,unknown,0
2011,5,-,Turkey,Yuksek Sadakat,Live It Up,English,Rock,-,Male,1,unknown,unknown,-,-,-,-,-,-,-,-,-,-,unknown,unknown,1,0,4,0,0,,,,,,,13,,,47,0,unknown,0
2011,6,24,Serbia,Nina,Caroban,Serbian,Pop,0,Female,1,unknown,unknown,-,-,-,-,-,-,-,-,-,-,unknown,unknown,0,3,0,0,1,89,111,,,14,200,8,,,67,0,unknown,0
2011,7,10,Russia,Alexey Vorobyov,Get You,"English, Russian",Pop,0,Male,1,unknown,unknown,-,-,-,-,-,-,-,-,-,-,unknown,unknown,3,0,0,0,1,138,25,,,16,163,9,,,64,0,unknown,0
2011,8,13,Switzerland,Anna Rossinelli,In Love for a While,English,Pop,0,Female,1,unknown,unknown,A Major,128,40,76,65,6 dB,25,0,10,4,unknown,unknown,0,0,2,0,1,2,53,,,25,55,10,,,55,0,unknown,0
2011,9,25,Georgia,Eldrine,One More Day,English,Rock,0,Female,1,unknown,unknown,Ab Minor,116,86,63,40,5 dB,0,0,25,4,unknown,unknown,0,0,5,0,1,138,79,,,9,217,6,,,74,0,unknown,0
2011,10,1,Finland,Paradise Oskar,Da Da Dam,English,Pop,0,Male,1,unknown,unknown,D Major,73,51,53,18,8 dB,17,0,9,3,unknown,unknown,0,0,0,1,1,47,75,,,21,122,3,,,103,0,unknown,0
2011,11,-,Malta,Glen Vella,One Life,English,Pop,-,Male,1,unknown,unknown,A Minor,137,90,70,35,3 dB,7,0,8,9,unknown,unknown,2,3,0,0,0,,,,,,,11,,,54,0,unknown,0
2011,12,-,San Marino,Senit,Stand By,English,Ballad,-,Female,1,unknown,unknown,-,-,-,-,-,-,-,-,-,-,unknown,unknown,0,3,2,0,0,,,,,,,16,,,34,0,unknown,0
2011,13,-,Croatia,Daria,Celebrate,English,Dance,-,Female,1,unknown,unknown,Fs Major,128,87,77,38,7 dB,0,84,8,4,unknown,unknown,0,4,1,0,0,,,,,,,15,,,41,0,unknown,0
2011,14,21,Iceland,Sjonni's Friends,Coming Home,English,Pop,0,Male,6,unknown,unknown,D Major,92,72,63,81,6 dB,33,0,18,4,unknown,unknown,0,0,0,1,1,60,72,,,20,132,4,,,100,0,unknown,0
2011,15,5,Hungary,Kati Wolf,What About My Dreams?,"English, Hungarian",Dance,0,Female,1,unknown,unknown,-,-,-,-,-,-,-,-,-,-,unknown,unknown,3,2,0,0,1,64,60,,,22,124,7,,,72,0,unknown,0
2011,16,-,Portugal,Homens da Luta,A luta e alegria,Portuguese,Pop,-,Mix,6,unknown,unknown,-,-,-,-,-,-,-,-,-,-,unknown,unknown,0,0,0,1,0,,,,,,,18,,,22,0,unknown,0
2011,17,4,Lithuania,Evelina Sasenko,C'est ma vie,English,Ballad,0,Female,1,unknown,unknown,E Major,163,28,25,9,9 dB,51,0,17,3,unknown,unknown,0,0,0,1,1,55,66,,,19,121,5,,,81,0,unknown,0
2011,18,19,Azerbaijan,Ell & Nikki,Running Scared,English,Ballad,0,Mix,2,unknown,unknown,C Major,172,70,32,24,4 dB,2,0,36,3,unknown,unknown,0,4,0,0,1,223,182,,,1,405,2,,,122,0,unknown,0
2011,19,9,Greece,Loukas Giorkas feat. Stereo Mike,Watch My Dance,"English, Greek",Pop,0,Male,2,unknown,unknown,-,-,-,-,-,-,-,-,-,-,unknown,unknown,3,1,0,0,1,176,84,,,7,260,1,,,133,0,unknown,0
2011,1,2,Bosnia and Herzegovina,Dino Merlin,Love in Rewind,English,Pop,0,Male,1,unknown,unknown,Fs Minor,84,65,53,39,8 dB,45,0,4,3,unknown,unknown,0,0,5,0,1,,,,,6,0,5,,,109,0,unknown,0
2011,2,18,Austria,Nadine Beiler,The Secret Is Love,English,Ballad,0,Female,1,unknown,unknown,G Major,123,47,51,10,5 dB,21,0,10,4,unknown,unknown,0,5,0,0,1,25,145,,,18,170,7,,,69,0,unknown,0
2011,3,-,Netherlands,3JS,Never Alone,English,Ballad,-,Male,1,unknown,unknown,C Major,97,83,48,57,6 dB,1,0,32,3,unknown,unknown,0,3,2,0,0,,,,,,,19,,,13,0,unknown,0
2011,4,-,Belgium,Witloof Bay,With Love Baby,English,Pop,-,Mix,6,unknown,unknown,C Minor,88,62,88,67,9 dB,17,0,22,15,unknown,unknown,0,0,0,0,0,,,,,,,11,,,53,0,unknown,0
2011,5,-,Slovakia,TWiiNS,I'm Still Alive,English,Ballad,-,Female,2,unknown,unknown,A Major,87,76,50,34,3 dB,41,0,7,3,unknown,unknown,0,2,2,0,0,,,,,,,13,,,48,0,unknown,0
2011,6,23,Ukraine,Mika Newton,Angel,English,Ballad,0,Female,1,unknown,unknown,F Minor,162,54,44,22,9 dB,14,0,20,3,unknown,unknown,1,1,0,0,1,168,117,,,4,285,6,,,81,0,unknown,0
2011,7,15,Moldova,Zdob si Zdub,So Lucky,English,Rock,0,Male,1,unknown,unknown,E Minor,148,89,74,81,4 dB,1,0,10,6,unknown,unknown,1,0,4,0,1,98,82,,,12,180,10,,,54,0,unknown,0
2011,8,7,Sweden,Eric Saade,Popular,English,Dance,-,Male,1,unknown,unknown,A Major,125,96,54,49,5 dB,0,0,5,10,unknown,unknown,3,2,0,0,1,221,106,,,3,327,1,,,155,0,unknown,0
2011,9,-,Cyprus,Christos Mylordos,San aggelos s'agapisa,Greek,Pop,-,Male,4,unknown,unknown,-,-,-,-,-,-,-,-,-,-,unknown,unknown,0,1,1,0,0,,,,,,,18,,,16,0,unknown,0
2011,10,-,Bulgaria,Poli Genova,Na inat,Bulgarian,Rock,-,Female,1,unknown,unknown,-,-,-,-,-,-,-,-,-,-,unknown,unknown,0,0,5,0,0,,,,,,,12,,,48,0,unknown,0
2011,11,-,North Macedonia,Vlatko Ilievski,Rusinka,"Macedonian, English",Pop,-,Male,1,unknown,unknown,-,-,-,-,-,-,-,-,-,-,unknown,unknown,5,0,0,1,0,,,,,,,16,,,36,0,unknown,0
2011,12,-,Israel,Dana International,Ding Dong,"Hebrew, English",Pop,-,Female,1,unknown,unknown,-,-,-,-,-,-,-,-,-,-,unknown,unknown,0,5,0,0,0,,,,,,,15,,,38,0,unknown,0
2011,13,20,Slovenia,Maja Keuc,No One,English,Ballad,0,Female,1,unknown,unknown,F Minor,88,81,28,31,3 dB,8,0,11,4,unknown,unknown,0,4,0,0,1,39,160,,,13,199,3,,,112,0,unknown,0
2011,14,17,Romania,Hotel FM,Change,English,Pop,0,Male,1,unknown,unknown,-,-,-,-,-,-,-,-,-,-,unknown,unknown,0,0,4,0,1,79,86,,,17,165,4,,,111,0,unknown,0
2011,15,8,Estonia,Getter Jaani,Rockefeller Street,English,Pop,0,Female,1,unknown,unknown,Eb Minor,130,89,81,75,4 dB,12,0,10,5,unknown,unknown,3,2,0,0,1,32,74,,,24,106,9,,,60,0,unknown,0
2011,16,-,Belarus,Anastasia Vinnikova,I Love Belarus,English,Pop,-,Female,1,unknown,unknown,-,-,-,-,-,-,-,-,-,-,unknown,unknown,0,4,1,0,0,,,,,,,14,,,45,0,unknown,0
2011,17,-,Latvia,Musiqq,Angel in Disguise,English,Pop,-,Male,2,unknown,unknown,Bb Major,125,79,63,61,4 dB,1,0,9,5,unknown,unknown,0,4,0,1,0,,,,,,,17,,,25,0,unknown,0
2011,18,3,Denmark,A Friend in London,New Tomorrow,English,Rock,0,Male,1,unknown,unknown,G Major,147,67,50,41,6 dB,16,0,10,3,unknown,unknown,0,2,3,1,1,61,168,,,5,229,2,,,135,0,unknown,0
2011,19,6,Ireland,Jedward,Lipstick,English,Pop,0,Male,2,unknown,unknown,F Minor,138,48,73,15,10 dB,0,89,36,5,unknown,unknown,0,4,0,0,1,101,119,,,8,220,8,,,68,0,unknown,0
2011,-,11,France,Amaury Vassili,Sognu,Corsican,Ballad,1,Male,1,unknown,unknown,Bb Minor,128,77,29,23,4 dB,80,20,15,5,unknown,unknown,0,0,0,0,-,76,90,,,15,166,,,,,1,unknown,0
2011,-,12,Italy,Raphael Gualazzi,Madness of Love,"Italian, English",Ballad,1,Male,1,unknown,unknown,C Major,144,41,53,37,7 dB,72,0,22,4,unknown,unknown,0,0,5,1,-,99,251,,,2,350,,,,,0,unknown,0
2011,-,14,United Kingdom,Blue,I Can,English,Pop,1,Male,4,unknown,unknown,-,-,-,-,-,-,-,-,-,-,unknown,unknown,0,2,0,0,-,166,57,,,11,223,,,,,0,unknown,0
2011,-,16,Germany,Lena,Taken by a Stranger,English,Pop,1,Female,1,unknown,unknown,F Minor,160,38,75,37,12 dB,5,81,11,8,unknown,unknown,3,2,0,0,-,113,104,,,10,217,,,,,0,unknown,1
2011,-,22,Spain,Lucia Perez,Que me quiten lo bailao,Spanish,Pop,1,Female,1,unknown,unknown,D Major,99,86,68,86,3 dB,27,0,6,8,unknown,unknown,0,5,0,0,-,73,38,,,23,111,,,,,0,unknown,0
2010,1,4,Moldova,SunStroke Project and Olia Tira,Run Away,English,Pop,-,Mix,2,unknown,unknown,Eb Minor,130,93,66,36,3 dB,1,0,18,8,unknown,unknown,3,0,1,1,1,28,33,,,22,61,,,,,0,unknown,0
2010,2,20,Russia,Peter Nalitch and Friends,Lost and Forgotten,English,Ballad,0,Male,1,unknown,unknown,C Major,98,47,36,21,4 dB,16,0,10,3,unknown,unknown,0,0,5,0,1,107,63,,,11,170,7,,,74,0,unknown,0
2010,3,-,Estonia,Malcolm Lincoln,Siren,English,Pop,0,Male,1,unknown,unknown,-,-,-,-,-,-,-,-,-,-,unknown,unknown,0,4,1,0,0,,,,,,,14,,,39,0,unknown,0
2010,4,-,Slovakia,Kristina,Horehronie,Slovak,Traditional,-,Female,1,unknown,unknown,-,-,-,-,-,-,-,-,-,-,unknown,unknown,4,1,0,0,0,,,,,,,16,,,24,0,unknown,0
2010,5,-,Finland,Kuunkuiskaajat,Tyolki ellaa,Finnish,Traditional,-,Female,2,unknown,unknown,A Minor,115,84,46,55,5 dB,69,0,9,8,unknown,unknown,0,2,1,1,0,,,,,,,11,,,49,0,unknown,0
2010,6,-,Latvia,Aisha,What For?,English,Ballad,-,Female,1,unknown,unknown,G Minor,78,62,64,45,4 dB,6,0,19,3,unknown,unknown,0,4,0,0,0,,,,,,,17,,,11,0,unknown,0
2010,7,8,Serbia,Milan Stankovic,Ovo je Balkan,Serbian,Pop,0,Male,1,unknown,unknown,-,-,-,-,-,-,-,-,-,-,unknown,unknown,2,2,0,0,1,110,37,,,13,147,5,,,79,0,unknown,0
2010,8,6,Bosnia and Herzegovina,Vukasin Brajic,Thunder and Lightning,English,Rock,0,Male,1,unknown,unknown,-,-,-,-,-,-,-,-,-,-,unknown,unknown,0,5,0,1,1,,,,,17,0,8,,,59,0,unknown,0
2010,9,-,Poland,Marcin Mrozinski,Legenda,"English, Polish",Ballad,-,Male,1,unknown,unknown,-,-,-,-,-,-,-,-,-,-,unknown,unknown,2,3,0,0,0,,,,,,,13,,,44,0,unknown,0
2010,10,7,Belgium,Tom Dice,Me and My Guitar,English,Pop,0,Male,1,unknown,unknown,A Major,129,34,47,42,8 dB,62,0,14,3,unknown,unknown,0,0,0,1,1,76,185,,,6,261,1,,,167,0,unknown,0
2010,11,-,Malta,Thea Garrett,My Dream,English,Ballad,-,Female,1,unknown,unknown,Fs Major,138,67,44,31,5 dB,14,0,12,3,unknown,unknown,1,3,0,0,0,,,,,,,12,,,45,0,unknown,0
2010,12,15,Albania,Juliana Pasha,It's All About You,English,Pop,0,Female,1,unknown,unknown,-,-,-,-,-,-,-,-,-,-,unknown,unknown,0,3,1,0,1,35,97,,,16,132,6,,,76,0,unknown,0
2010,13,11,Greece,Giorgos Alkaios and Friends,OPA,Greek1,Pop,0,Male,1,unknown,unknown,C Major,135,94,73,74,4 dB,0,1,7,4,unknown,unknown,0,4,0,0,1,152,110,,,8,262,2,,,133,0,unknown,0
2010,14,23,Portugal,Filipa Azevedo,Ha dias assim,Portuguese,Ballad,0,Female,1,unknown,unknown,-,-,-,-,-,-,-,-,-,-,unknown,unknown,0,3,1,0,1,24,69,,,18,93,4,,,89,0,unknown,0
2010,15,-,North Macedonia,Gjoko Taneski,Jas ja imam silata,Macedonian,Pop,-,Male,1,unknown,unknown,-,-,-,-,-,-,-,-,-,-,unknown,unknown,2,2,1,0,0,,,,,,,15,,,37,0,unknown,0
2010,16,9,Belarus,3+2 feat Robert Wells,Butterflies,English,Ballad,0,Mix,5,unknown,unknown,-,-,-,-,-,-,-,-,-,-,unknown,unknown,0,0,1,0,1,18,22,,,24,40,9,,,59,0,unknown,0
2010,17,16,Iceland,Hera Bjork,Je ne sais quoi,English,Dance,0,Female,1,unknown,unknown,Eb Minor,132,88,53,28,4 dB,3,0,17,7,unknown,unknown,0,5,0,0,1,40,57,,,19,97,3,,,123,0,unknown,0
2010,1,-,Lithuania,InCulto,Eastern European Funk,English,Dance,-,Male,5,unknown,unknown,A Major,134,76,83,93,7 dB,3,0,18,5,unknown,unknown,0,0,0,0,0,,,,,,,12,,,44,0,unknown,0
2010,2,21,Armenia,Eva Rivas,Apricot Stone,English,Pop,0,Female,1,unknown,unknown,B Minor,101,67,61,38,9 dB,25,0,16,10,unknown,unknown,1,3,1,0,1,166,116,,,7,282,6,,,83,0,unknown,0
2010,3,24,Israel,Harel Skaat,Milim,Hebrew,Ballad,0,Male,1,unknown,unknown,Ab Minor,115,51,39,20,6 dB,60,0,19,3,unknown,unknown,0,2,1,0,1,27,134,,,14,161,8,,,71,0,unknown,0
2010,4,25,Denmark,Chanee and N'evergreen,In a Moment Like This,English,Pop,0,Mix,2,unknown,unknown,Fs Major,95,77,66,39,5 dB,28,0,10,3,unknown,unknown,0,4,0,0,1,174,121,,,4,295,5,,,101,0,unknown,0
2010,5,-,Switzerland,Michael von der Heide,Il pleut de l'or,French,Pop,-,Male,1,unknown,unknown,F Minor,128,75,73,73,6 dB,11,0,33,3,unknown,unknown,0,3,1,0,0,,,,,,,17,,,2,0,unknown,0
2010,6,-,Sweden,Anna Bergendahl,This Is My Life,English,Pop,-,Female,1,unknown,unknown,-,-,-,-,-,-,-,-,-,-,unknown,unknown,0,5,0,1,0,,,,,,,11,,,62,0,unknown,0
2010,7,1,Azerbaijan,Safura,Drip Drop,English,Ballad,0,Female,1,unknown,unknown,Fs Major,148,66,47,23,4 dB,1,0,8,3,unknown,unknown,1,3,0,0,1,161,116,,,5,277,2,,,113,0,unknown,0
2010,8,17,Ukraine,Alyosha,Sweet People,English,Ballad,0,Female,1,unknown,unknown,E Minor,120,41,63,12,6 dB,72,0,14,4,unknown,unknown,0,0,0,0,1,94,129,,,10,223,7,,,77,0,unknown,0
2010,9,-,Netherlands,Sieneke,Ik ben verliefd,Dutch,Pop,-,Female,1,unknown,unknown,Db Minor,162,91,62,77,3 dB,29,0,6,5,unknown,unknown,0,3,2,0,0,,,,,,,14,,,29,0,unknown,0
2010,10,19,Romania,Paula Seling and Ovi,Playing with Fire,English,Pop,0,Mix,2,unknown,unknown,G Major,122,82,66,96,3 dB,2,0,6,4,unknown,unknown,0,4,0,1,1,155,167,,,3,322,4,,,104,0,unknown,0
2010,11,-,Slovenia,Ansambel zlindra and Kalamari,Narodnozabavni rock,Slovene,Rock,-,Mix,2,unknown,unknown,-,-,-,-,-,-,-,-,-,-,unknown,unknown,0,0,4,0,0,,,,,,,16,,,6,0,unknown,0
2010,12,10,Ireland,Niamh Kavanagh,It's for You,English,Ballad,0,Female,1,unknown,unknown,C Major,130,46,40,16,5 dB,33,0,9,3,unknown,unknown,0,4,0,0,1,15,62,,,23,77,9,,,67,0,unknown,0
2010,13,-,Bulgaria,Miro,Angel si ti,"Bulgarian, English",Pop,-,Male,1,unknown,unknown,-,-,-,-,-,-,-,-,-,-,unknown,unknown,4,0,0,0,0,,,,,,,15,,,19,0,unknown,0
2010,14,5,Cyprus,Jon Lilygreen and The Islanders,Life Looks Better in Spring,English,Pop,0,Male,1,unknown,unknown,-,-,-,-,-,-,-,-,-,-,unknown,unknown,0,2,3,1,1,16,57,,,21,73,10,,,67,0,unknown,0
2010,15,-,Croatia,Feminnem,Lako je sve,Croatian,Ballad,-,Female,3,unknown,unknown,Eb Minor,76,64,50,49,5 dB,38,0,15,4,unknown,unknown,2,0,0,0,0,,,,,,,13,,,33,0,unknown,0
2010,16,13,Georgia,Sofia Nizharadze,Shine,English,Ballad,0,Female,1,unknown,unknown,D Major,126,49,46,17,7 dB,17,0,31,3,unknown,unknown,3,2,0,0,1,127,160,,,9,287,3,,,106,0,unknown,0
2010,17,14,Turkey,maNga,We Could Be the Same,English,Rock,0,Male,1,unknown,unknown,A Minor,112,68,56,41,7 dB,1,0,14,3,unknown,unknown,0,0,4,0,1,177,119,,,2,296,1,,,118,0,unknown,0
2010,-,2,Spain,Daniel Diges,Algo pequenito,Spanish,Pop,1,Male,1,unknown,unknown,D Minor,88,62,37,71,5 dB,73,0,27,8,unknown,unknown,4,1,0,0,-,106,43,,,15,149,,,,,0,unknown,0
2010,-,3,Norway,Didrik Solli-Tangen,My Heart Is Yours,English,Ballad,1,Male,1,unknown,unknown,A Major,133,24,28,22,5 dB,83,0,13,3,unknown,unknown,0,5,0,0,-,18,61,,,20,79,,,,,0,unknown,1
2010,-,12,United Kingdom,Josh Dubovie,That Sounds Good to Me,English,Pop,1,Male,1,unknown,unknown,G Major,124,69,55,38,11 dB,14,87,18,4,unknown,unknown,2,3,0,0,-,,,,,25,0,,,,,0,unknown,0
2010,-,18,France,Jessy Matador,Allez Ola Ole,French,Dance,1,Male,1,unknown,unknown,B Major,129,93,64,72,5 dB,0,0,6,6,unknown,unknown,3,2,0,0,-,151,34,,,12,185,,,,,0,unknown,0
2010,-,22,Germany,Lena,Satellite,English,Pop,1,Female,1,unknown,unknown,E Minor,95,94,75,87,10 dB,0,79,10,5,unknown,unknown,0,4,0,0,-,243,187,,,1,430,,,,,1,unknown,0
2009,1,-,Montenegro,Andrea Demirovic,Just Get Out of My Life,English,Pop,-,Female,1,unknown,unknown,G Minor,138,91,56,56,3 dB,2,0,66,5,unknown,unknown,1,0,0,0,0,,,,,,,,,,,0,unknown,0
2009,2,-,Czech Republic,Gipsy.cz,Aven Romale,"English, Romani",Traditional,-,Male,1,unknown,unknown,Bb Minor,154,84,80,69,7 dB,20,0,23,46,unknown,unknown,0,0,5,0,0,,,,,,,18,,,0,0,unknown,0
2009,3,-,Belgium,Copycat,Copycat,English,Pop,-,Male,1,unknown,unknown,-,-,-,-,-,-,-,-,-,-,unknown,unknown,0,2,2,0,0,,,,,,,17,,,1,0,unknown,0
2009,4,-,Belarus,Petr Elfimov,Eyes That Never Lie,English,Rock,-,Male,1,unknown,unknown,D Minor,138,90,39,26,4 dB,0,0,34,5,unknown,unknown,1,2,1,0,0,,,,,,,13,,,25,0,unknown,0
2009,5,4,Sweden,Malena Ernman,La voix,"French, English",Traditional,0,Female,1,unknown,unknown,Bb Major,128,65,52,46,4 dB,35,0,21,4,unknown,unknown,5,0,0,0,1,59,27,,,21,86,4,,,105,0,unknown,0
2009,6,9,Armenia,Inga and Anush,Jan Jan,"English, Armenian",Traditional,0,Female,2,unknown,unknown,E Minor,115,86,78,76,4 dB,36,0,35,8,unknown,unknown,4,0,0,0,1,111,71,,,10,182,5,,,99,0,unknown,0
2009,7,-,Andorra,Susanne Georgi,La teva decisio (Get a Life),"Catalan, English",Pop,-,Female,1,unknown,unknown,D Major,133,40,77,92,16 dB,7,0,10,5,unknown,unknown,0,2,2,0,0,,,,,,,15,,,8,0,unknown,0
2009,8,-,Switzerland,Lovebugs,The Highest Heights,English,Rock,-,Male,1,unknown,unknown,D Minor,118,93,47,29,4 dB,1,3,38,4,unknown,unknown,0,0,4,0,0,,,,,,,14,,,15,0,unknown,0
2009,9,18,Turkey,Hadise,Dum Tek Tek,English,Dance,0,Female,1,unknown,unknown,F Major,115,97,75,87,4 dB,13,0,8,6,unknown,unknown,2,2,0,0,1,203,114,,,4,317,2,,,172,0,unknown,0
2009,10,2,Israel,Noa and Mira Awad,There Must Be Another Way,"English, Hebrew, Arabic",Pop,0,Female,2,unknown,unknown,Db Major,106,79,60,69,5 dB,23,0,10,2,unknown,unknown,0,0,3,0,1,15,107,,,16,122,7,,,75,0,unknown,0
2009,11,-,Bulgaria,Krassimir Avramov,Illusion,English,Dance,-,Mix,4,unknown,unknown,E Minor,130,91,49,44,5 dB,1,0,9,7,unknown,unknown,2,0,0,0,0,,,,,,,16,,,7,0,unknown,0
2009,12,7,Iceland,Yohanna,Is It True?,English,Ballad,0,Female,1,unknown,unknown,C Minor,84,57,47,23,7 dB,35,0,7,3,unknown,unknown,0,3,2,0,1,173,260,,,2,433,1,,,174,0,unknown,0
2009,13,-,North Macedonia,Next Time,Nesto sto kje ostane,Macedonian,Rock,-,Male,1,unknown,unknown,-,-,-,-,-,-,-,-,-,-,unknown,unknown,0,0,5,0,0,,,,,,,10,,,45,0,unknown,0
2009,14,22,Romania,Elena,The Balkan Girls,English,Dance,0,Female,1,unknown,unknown,F Major,130,86,72,63,4 dB,2,0,5,3,unknown,unknown,4,0,0,0,1,64,31,,,19,95,9,,,67,0,unknown,0
2009,15,24,Finland,Waldo's People,Lose Control,English,Pop,0,Male,1,unknown,unknown,G Major,138,96,56,88,4 dB,0,23,26,6,unknown,unknown,2,3,0,0,1,30,12,,,25,42,12,,,42,0,unknown,0
2009,16,6,Portugal,Flor-de-Lis,Todas as ruas do amor,Portuguese,Traditional,0,Female,1,unknown,unknown,G Major,95,70,50,33,5 dB,34,0,12,3,unknown,unknown,0,0,5,0,1,45,64,,,15,109,8,,,70,0,unknown,0
2009,17,14,Malta,Chiara,What If We,English,Ballad,0,Female,1,unknown,unknown,Db Major,123,44,48,14,7 dB,62,0,7,3,unknown,unknown,0,0,0,0,1,18,87,,,22,105,6,,,86,0,unknown,0
2009,18,12,Bosnia and Herzegovina,Regina,Bistra voda,Bosnian,Ballad,0,Male,1,unknown,unknown,Fs Minor,152,78,52,38,4 dB,44,0,11,4,unknown,unknown,0,0,5,0,1,124,90,,,9,214,3,,,125,0,unknown,0
2009,1,5,Croatia,Igor Cukrov feat. Andrea,Lijepa Tena,Croatian,Ballad,0,Mix,2,unknown,unknown,Db Minor,116,69,58,43,4 dB,56,0,8,3,unknown,unknown,0,4,0,0,1,55,58,,,18,113,13,,,33,0,unknown,0
2009,2,-,Ireland,Sinead Mulvey and Black Daisy,Et Cetera,English,Rock,-,Female,1,unknown,unknown,F Minor,170,75,45,44,6 dB,0,0,36,3,unknown,unknown,0,0,3,0,0,,,,,,,11,,,52,0,unknown,0
2009,3,-,Latvia,Intars Busulis,Probka,Russian,Pop,-,Mix,3,unknown,unknown,-,-,-,-,-,-,-,-,-,-,unknown,unknown,0,0,3,0,0,,,,,,,19,,,7,0,unknown,0
2009,4,-,Serbia,Marko Kon and Milaan,Cipela,Serbian,Traditional,-,Male,1,unknown,unknown,-,-,-,-,-,-,-,-,-,-,unknown,unknown,4,0,1,0,0,,,,,,,10,,,60,0,unknown,0
2009,5,-,Poland,Lidia Kopania,I Don't Wanna Leave,English,Ballad,-,Female,1,unknown,unknown,Fs Major,144,69,45,26,4 dB,31,0,55,3,unknown,unknown,2,3,0,0,0,,,,,,,12,,,43,0,unknown,0
2009,6,20,Norway,Alexander Rybak,Fairytale,English,Traditional,0,Male,1,unknown,unknown,D Minor,108,79,58,67,5 dB,62,0,23,3,unknown,unknown,3,2,0,1,1,378,312,,,1,690,1,,,201,1,unknown,0
2009,7,-,Cyprus,Christina Metaxa,Firefly,English,Ballad,-,Female,1,unknown,unknown,-,-,-,-,-,-,-,-,-,-,unknown,unknown,0,5,0,0,0,,,,,,,14,,,32,0,unknown,0
2009,8,-,Slovakia,Kamil Mikulcik and Nela Pociskova,Le? tmou,Slovak,Ballad,-,Mix,2,unknown,unknown,-,-,-,-,-,-,-,-,-,-,unknown,unknown,0,0,2,0,0,,,,,,,18,,,8,0,unknown,0
2009,9,16,Denmark,Niels Brinck,Believe Again,English,Rock,0,Male,1,unknown,unknown,E Minor,128,75,66,34,5 dB,1,0,10,5,unknown,unknown,0,0,5,0,1,40,120,,,13,160,8,,,69,0,unknown,0
2009,10,-,Slovenia,Quartissimo feat. Martina,Love Symphony,"English, Slovene",Pop,-,Female,1,unknown,unknown,-,-,-,-,-,-,-,-,-,-,unknown,unknown,0,0,4,0,0,,,,,,,16,,,14,0,unknown,0
2009,11,-,Hungary,Zoli adok,Dance with Me,English,Pop,-,Male,1,unknown,unknown,Ab Major,125,96,66,81,4 dB,0,0,8,10,unknown,unknown,3,2,0,0,0,,,,,,,15,,,16,0,unknown,0
2009,12,11,Azerbaijan,AySel and Arash,Always,English,Pop,0,Mix,2,unknown,unknown,-,-,-,-,-,-,-,-,-,-,unknown,unknown,3,0,0,0,1,253,112,,,3,365,2,,,180,0,unknown,0
2009,13,8,Greece,Sakis Rouvas,This Is Our Night,English,Dance,0,Male,1,unknown,unknown,Fs Minor,128,92,65,65,5 dB,4,0,16,7,unknown,unknown,4,0,0,0,1,151,93,,,7,244,4,,,110,0,unknown,0
2009,14,1,Lithuania,Sasha Son,Love,"English, Russian",Ballad,0,Male,1,unknown,unknown,-,-,-,-,-,-,-,-,-,-,unknown,unknown,0,3,1,0,1,38,31,,,23,69,9,,,66,0,unknown,0
2009,15,13,Moldova,Nelly Ciobanu,Hora din Moldova,"Romanian, English",Traditional,0,Female,1,unknown,unknown,-,-,-,-,-,-,-,-,-,-,unknown,unknown,4,1,0,0,1,66,93,,,14,159,5,,,106,0,unknown,0
2009,16,19,Albania,Kejsi Tola,Carry Me in Your Dreams,English,Dance,0,Female,1,unknown,unknown,Ab Minor,128,67,68,67,8 dB,0,0,8,5,unknown,unknown,3,2,0,0,1,81,26,,,17,107,7,,,73,0,unknown,0
2009,17,21,Ukraine,Svetlana Loboda,Be My Valentine! (Anti-Crisis Girl),English,Pop,0,Female,1,unknown,unknown,-,-,-,-,-,-,-,-,-,-,unknown,unknown,5,0,0,1,1,70,68,,,12,138,6,,,80,0,unknown,0
2009,18,15,Estonia,Urban Symphony,Randajad,Estonian,Ballad,0,Female,1,unknown,unknown,F Minor,124,72,69,64,6 dB,3,0,33,4,unknown,unknown,0,2,3,1,1,129,124,,,6,253,3,,,115,0,unknown,0
2009,19,-,Netherlands,The Toppers,Shine,English,Pop,-,Male,3,unknown,unknown,-,-,-,-,-,-,-,-,-,-,unknown,unknown,0,3,0,0,0,,,,,,,17,,,11,0,unknown,0
2009,-,3,France,Patricia Kaas,Et s'il fallait le faire,French,Ballad,1,Female,1,unknown,unknown,A Major,92,58,26,23,8 dB,55,0,90,8,unknown,unknown,0,0,0,0,-,54,164,,,8,218,,,,,0,unknown,0
2009,-,10,Russia,Anastasiya Prikhodko,Mamo,"Russian, Ukrainian",Ballad,1,Female,1,unknown,unknown,D Minor,130,94,64,45,4 dB,41,0,26,5,unknown,unknown,0,5,0,0,-,118,67,,,11,185,,,,,0,unknown,1
2009,-,17,Germany,Alex Swings Oscar Sings!,Miss Kiss Kiss Bang,English,Pop,1,Male,1,unknown,unknown,Bb Minor,136,89,62,56,4 dB,11,0,20,21,unknown,unknown,3,1,1,0,-,18,73,,,20,91,,,,,0,unknown,0
2009,-,23,United Kingdom,Jade Ewen,It's My Time,English,Ballad,1,Female,1,unknown,unknown,E Major,105,31,30,12,14 dB,1,79,29,3,unknown,unknown,0,0,5,0,-,105,223,,,5,328,,,,,0,unknown,0
2009,-,25,Spain,Soraya Arnelas,La noche es para mi,"Spanish, English",Dance,1,Female,1,unknown,unknown,F Minor,126,70,69,87,7 dB,1,73,14,3,unknown,unknown,2,3,0,0,-,38,9,,,24,47,,,,,0,unknown,0
